stem,has_gt,n_spur,spur_area,fp_px,ref_fp_inst,ref_fp_px
3000,0,0,0,0,0,0
3001,0,0,0,0,0,0
30010,1,3,881,3888,3,3888
300100,1,0,0,5408,0,5408
3001000,1,5,523,3283,5,3283
3001001,1,6,939,13563,6,13563
3001002,1,4,1080,14788,4,14788
3001003,1,9,1418,7404,9,7404
3001004,1,7,755,6850,7,6850
3001005,1,5,255,8032,5,8032
3001006,1,3,188,7532,3,7532
3001007,1,1,40,1062,1,1062
3001008,1,1,179,309,1,309
3001009,1,5,557,4325,5,4325
300101,0,0,0,0,0,0
3001010,1,5,871,5388,5,5388
3001011,1,3,1170,5032,3,5032
3001012,1,0,0,336,0,336
3001013,0,0,0,0,0,0
3001014,1,0,0,173,0,173
3001015,0,0,0,0,0,0
3001016,1,1,59,368,1,368
3001017,1,5,813,8582,5,8582
3001018,1,3,272,5094,3,5094
3001019,1,2,298,5684,2,5684
300102,1,0,0,8,0,8
3001020,1,5,613,6184,5,6184
3001021,1,1,16,573,1,573
3001022,1,4,529,6849,4,6849
3001023,1,10,875,14165,10,14165
3001024,1,8,1747,11876,8,11876
3001025,1,7,824,5437,7,5437
3001026,1,2,596,2724,2,2724
3001027,1,1,57,317,1,317
3001028,1,2,94,189,2,189
3001029,1,0,0,264,0,264
300103,1,1,27,995,1,995
3001030,1,4,509,5697,4,5697
3001031,1,8,1239,9096,8,9096
3001032,1,6,1024,9252,6,9252
3001033,1,2,46,1553,2,1553
3001034,1,0,0,141,0,141
3001035,0,0,0,0,0,0
3001036,1,2,753,1152,2,1152
3001037,1,0,0,92,0,92
3001038,1,0,0,122,0,122
3001039,1,2,670,2312,2,2312
300104,1,0,0,64,0,64
3001040,1,0,0,471,0,471
3001041,1,2,294,3592,2,3592
3001042,1,1,67,5523,1,5523
3001043,1,4,481,5799,4,5799
3001044,1,7,1133,11140,7,11140
3001045,1,8,722,10679,8,10679
3001046,1,1,143,5839,1,5839
3001047,1,1,18,783,1,783
3001048,1,0,0,185,0,185
3001049,1,2,163,1107,2,1107
300105,1,2,51,2157,2,2157
3001050,1,7,2585,7097,7,7097
3001051,1,5,2216,9119,5,9119
3001052,1,14,1648,12423,14,12423
3001053,1,2,216,11063,2,11063
3001054,1,4,361,6802,4,6802
3001055,1,0,0,92,0,92
3001056,0,0,0,0,0,0
3001057,0,0,0,0,0,0
3001058,1,0,0,2134,0,2134
3001059,1,0,0,1863,0,1863
300106,1,1,357,5077,1,5077
3001060,1,0,0,24,0,24
3001061,1,0,0,283,0,283
3001062,0,0,0,0,0,0
3001063,1,0,0,173,0,173
3001064,1,0,0,18,0,18
3001065,1,0,0,846,0,846
3001066,1,3,168,2927,3,2927
3001067,1,5,137,3773,5,3773
3001068,1,0,0,753,0,753
3001069,0,0,0,0,0,0
300107,1,5,1212,10489,5,10489
3001070,0,0,0,0,0,0
3001071,1,6,690,2641,6,2641
3001072,1,13,2555,8876,13,8876
3001073,1,11,2640,11881,11,11881
3001074,1,9,1169,13019,9,13019
3001075,1,10,998,11406,10,11406
3001076,1,0,0,4583,0,4583
3001077,0,0,0,0,0,0
3001078,0,0,0,0,0,0
3001079,1,2,242,407,2,407
300108,1,2,68,13435,2,13435
3001080,1,3,616,8790,3,8790
3001081,1,4,531,11486,4,11486
3001082,1,1,115,4178,1,4178
3001083,1,3,2156,7612,3,7612
3001084,1,3,1885,4551,3,4551
3001085,1,0,0,52,0,52
3001086,1,0,0,337,0,337
3001087,0,0,0,0,0,0
3001088,0,0,0,0,0,0
3001089,0,0,0,0,0,0
300109,1,1,29,4643,1,4643
3001090,0,0,0,0,0,0
3001091,0,0,0,0,0,0
3001092,1,0,0,0,0,0
3001093,1,10,3106,6577,10,6577
3001094,1,14,2754,10924,14,10924
3001095,1,6,1065,10399,6,10399
3001096,1,11,1724,11841,11,11841
3001097,1,3,351,10432,3,10432
3001098,1,0,0,2503,0,2503
3001099,0,0,0,0,0,0
30011,1,4,431,5357,4,5357
300110,1,0,0,62,0,62
3001100,0,0,0,0,0,0
3001101,1,1,16,2436,1,2436
3001102,1,4,363,9040,4,9040
3001103,1,4,695,7652,4,7652
3001104,1,4,509,4727,4,4727
3001105,1,12,1453,11125,12,11125
3001106,1,8,786,10232,8,10232
3001107,1,1,152,3031,1,3031
3001108,0,0,0,0,0,0
3001109,0,0,0,0,0,0
300111,1,2,641,3473,2,3473
3001110,1,0,0,129,0,129
3001111,0,0,0,0,0,0
3001112,0,0,0,0,0,0
3001113,0,0,0,0,0,0
3001114,1,1,74,74,1,74
3001115,1,6,2224,7308,6,7308
3001116,1,14,2488,14490,14,14490
3001117,1,12,2175,12287,12,12287
3001118,1,7,479,12089,7,12089
3001119,1,6,791,10456,6,10456
300112,1,8,1361,5538,8,5538
3001120,1,4,735,5631,4,5631
3001121,1,0,0,398,0,398
3001122,0,1,269,269,1,269
3001123,1,1,163,6351,1,6351
3001124,1,11,1754,12012,11,12012
3001125,1,6,606,8595,6,8595
3001126,1,8,667,7114,8,7114
3001127,1,17,1602,10043,17,10043
3001128,1,11,2751,14336,11,14336
3001129,1,1,52,6049,1,6049
300113,1,16,31717,32946,16,32946
3001130,0,0,0,0,0,0
3001131,1,0,0,54,0,54
3001132,0,1,34,34,1,34
3001133,0,0,0,0,0,0
3001134,0,0,0,0,0,0
3001135,0,0,0,0,0,0
3001136,1,3,115,2007,3,2007
3001137,1,4,3266,7454,4,7454
3001138,1,4,3370,10892,4,10892
3001139,1,10,2225,9524,10,9524
300114,1,30,73421,75190,30,75190
3001140,1,8,907,12797,8,12797
3001141,1,5,888,8305,5,8305
3001142,1,3,545,10538,3,10538
3001143,1,1,485,4024,1,4024
3001144,1,1,132,2923,1,2923
3001145,1,5,384,7622,5,7622
3001146,1,9,1732,8747,9,8747
3001147,1,8,2190,9909,8,9909
3001148,1,8,1212,9094,8,9094
3001149,1,7,531,8752,7,8752
300115,1,5,3681,4442,5,4442
3001150,1,4,403,9584,4,9584
3001151,1,5,642,5114,5,5114
3001152,0,0,0,0,0,0
3001153,1,1,50,216,1,216
3001154,0,1,86,86,1,86
3001155,0,0,0,0,0,0
3001156,0,0,0,0,0,0
3001157,1,0,0,1531,0,1531
3001158,1,3,232,7019,3,7019
3001159,1,4,204,7560,4,7560
300116,1,3,3168,5013,3,5013
3001160,1,6,663,9999,6,9999
3001161,1,10,1685,14244,10,14244
3001162,1,5,347,12056,5,12056
3001163,1,3,695,8643,3,8643
3001164,1,6,1006,7410,6,7410
3001165,1,2,554,5709,2,5709
3001166,1,7,1000,13617,7,13617
3001167,1,0,0,7795,0,7795
3001168,1,9,2022,9701,9,9701
3001169,1,9,1201,10465,9,10465
300117,1,1,58,9373,1,9373
3001170,1,17,1676,9868,17,9868
3001171,1,15,1702,10672,15,10672
3001172,1,10,1974,10472,10,10472
3001173,1,6,516,5645,6,5645
3001174,1,2,183,2035,2,2035
3001175,1,4,481,5701,4,5701
3001176,1,0,0,1067,0,1067
3001177,1,0,0,14,0,14
3001178,0,0,0,0,0,0
3001179,1,1,117,2756,1,2756
300118,1,2,392,3521,2,3521
3001180,1,1,84,5354,1,5354
3001181,1,0,0,1971,0,1971
3001182,1,4,727,6083,4,6083
3001183,1,5,763,10841,5,10841
3001184,1,13,1772,19125,13,19125
3001185,1,3,396,9597,3,9597
3001186,1,1,188,6486,1,6486
3001187,1,2,127,5109,2,5109
3001188,1,5,985,9436,5,9436
3001189,1,7,1404,10058,7,10058
300119,1,0,0,180,0,180
3001190,1,6,1019,8915,6,8915
3001191,1,7,1587,11624,7,11624
3001192,1,9,1027,8907,9,8907
3001193,1,5,849,7538,5,7538
3001194,1,1,26,6123,1,6123
3001195,1,0,0,4746,0,4746
3001196,1,0,0,1224,0,1224
3001197,1,1,143,1566,1,1566
3001198,1,0,0,467,0,467
3001199,0,0,0,0,0,0
30012,1,5,399,5211,5,5211
300120,1,1,22,206,1,206
3001200,1,0,0,7,0,7
3001201,1,1,35,5134,1,5134
3001202,1,1,42,103,1,103
3001203,1,0,0,153,0,153
3001204,1,2,233,4809,2,4809
3001205,1,5,1500,11407,5,11407
3001206,1,5,1521,20076,5,20076
3001207,1,8,1115,14828,8,14828
3001208,1,6,616,11745,6,11745
3001209,1,0,0,4427,0,4427
300121,1,1,83,554,1,554
3001210,1,0,0,2866,0,2866
3001211,1,2,82,1312,2,1312
3001212,1,1,28,1709,1,1709
3001213,1,1,98,9573,1,9573
3001214,1,5,523,7640,5,7640
3001215,1,6,1164,8359,6,8359
3001216,1,10,777,8612,10,8612
3001217,1,6,412,7712,6,7712
3001218,1,1,78,5964,1,5964
3001219,0,0,0,0,0,0
300122,1,0,0,107,0,107
3001220,0,0,0,0,0,0
3001221,0,0,0,0,0,0
3001222,1,0,0,372,0,372
3001223,1,0,0,466,0,466
3001224,0,0,0,0,0,0
3001225,0,0,0,0,0,0
3001226,1,7,1474,6917,7,6917
3001227,1,4,3112,9443,4,9443
3001228,1,13,3128,14390,13,14390
3001229,1,7,729,10620,7,10620
300123,0,0,0,0,0,0
3001230,1,6,635,9829,6,9829
3001231,1,4,406,4380,4,4380
3001232,1,0,0,34,0,34
3001233,1,0,0,369,0,369
3001234,1,2,311,2862,2,2862
3001235,1,6,793,12916,6,12916
3001236,1,1,105,6490,1,6490
3001237,1,1,18,2490,1,2490
3001238,1,2,407,5556,2,5556
3001239,1,3,151,5798,3,5798
300124,0,2,2256,2260,2,2260
3001240,1,1,182,2741,1,2741
3001241,0,0,0,0,0,0
3001242,0,0,0,0,0,0
3001243,0,0,0,0,0,0
3001244,0,0,0,0,0,0
3001245,1,2,4579,5919,2,5919
3001246,1,2,70,808,2,808
3001247,1,0,0,1370,0,1370
3001248,1,2,85,10669,2,10669
3001249,1,7,8202,13442,7,13442
300125,1,0,0,1269,0,1269
3001250,1,8,2879,13594,8,13594
3001251,1,5,681,8934,5,8934
3001252,1,6,681,7935,6,7935
3001253,1,3,352,3983,3,3983
3001254,1,0,0,0,0,0
3001255,1,1,366,2295,1,2295
3001256,1,2,46,7758,2,7758
3001257,1,2,250,7505,2,7505
3001258,1,5,427,4761,5,4761
3001259,0,0,0,0,0,0
300126,1,2,55,2421,2,2421
3001260,1,2,84,930,2,930
3001261,1,0,0,1096,0,1096
3001262,1,1,273,428,1,428
3001263,0,0,0,0,0,0
3001264,0,0,0,0,0,0
3001265,0,0,0,0,0,0
3001266,0,0,0,0,0,0
3001267,1,0,0,116,0,116
3001268,1,1,48,437,1,437
3001269,1,8,803,7297,8,7297
300127,1,3,492,9048,3,9048
3001270,1,8,1148,13368,8,13368
3001271,1,9,1754,10161,9,10161
3001272,1,3,287,8339,3,8339
3001273,1,4,294,8130,4,8130
3001274,1,6,2298,10523,6,10523
3001275,1,4,560,3930,4,3930
3001276,1,0,0,0,0,0
3001277,1,1,18,4579,1,4579
3001278,1,4,371,9096,4,9096
3001279,1,4,247,8786,4,8786
300128,1,3,223,9641,3,9641
3001280,1,2,284,4142,2,4142
3001281,0,0,0,0,0,0
3001282,0,0,0,0,0,0
3001283,0,0,0,0,0,0
3001284,0,0,0,0,0,0
3001285,1,0,0,53,0,53
3001286,0,0,0,0,0,0
3001287,1,0,0,348,0,348
3001288,1,3,747,2621,3,2621
3001289,1,5,348,1434,5,1434
300129,1,3,383,8999,3,8999
3001290,1,0,0,4544,0,4544
3001291,1,1,311,10756,1,10756
3001292,1,6,444,12403,6,12403
3001293,1,10,742,8402,10,8402
3001294,1,4,284,5962,4,5962
3001295,1,5,1115,7144,5,7144
3001296,1,7,579,6719,7,6719
3001297,1,1,91,5067,1,5067
3001298,1,2,307,503,2,503
3001299,1,4,891,7069,4,7069
30013,1,5,520,3320,5,3320
300130,1,4,531,9508,4,9508
3001300,1,5,167,9984,5,9984
3001301,1,9,1413,11917,9,11917
3001302,1,4,620,4740,4,4740
3001303,0,0,0,0,0,0
3001304,0,0,0,0,0,0
3001305,0,0,0,0,0,0
3001306,0,0,0,0,0,0
3001307,1,1,75,0,1,0
3001308,1,1,96,213,1,213
3001309,1,1,98,5369,1,5369
300131,1,1,19,6285,1,6285
3001310,1,7,509,8174,7,8174
3001311,1,8,895,8912,8,8912
3001312,1,3,326,9253,3,9253
3001313,1,2,352,9293,2,9293
3001314,1,3,155,9484,3,9484
3001315,1,5,612,7594,5,7594
3001316,1,0,0,8,0,8
3001317,1,1,18,891,1,891
3001318,1,2,284,7898,2,7898
3001319,1,3,617,5725,3,5725
300132,1,13,5935,8526,13,8526
3001320,1,3,226,4408,3,4408
3001321,1,4,332,10818,4,10818
3001322,1,4,246,11740,4,11740
3001323,1,6,454,9748,6,9748
3001324,1,2,490,4301,2,4301
3001325,0,0,0,0,0,0
3001326,0,0,0,0,0,0
3001327,0,0,0,0,0,0
3001328,0,0,0,0,0,0
3001329,1,0,0,115,0,115
300133,1,5,5971,7281,5,7281
3001330,1,0,0,4311,0,4311
3001331,1,4,152,9313,4,9313
3001332,1,7,633,10157,7,10157
3001333,1,4,291,10074,4,10074
3001334,1,5,207,6569,5,6569
3001335,1,5,459,10210,5,10210
3001336,1,4,424,9821,4,9821
3001337,1,2,404,6383,2,6383
3001338,0,0,0,0,0,0
3001339,1,3,577,1020,3,1020
300134,1,13,11233,14337,13,14337
3001340,1,5,678,8136,5,8136
3001341,1,2,373,4177,2,4177
3001342,1,1,120,2179,1,2179
3001343,1,3,221,7251,3,7251
3001344,1,11,2548,10234,11,10234
3001345,1,9,2738,11084,9,11084
3001346,1,2,57,5885,2,5885
3001347,1,0,0,65,0,65
3001348,0,0,0,0,0,0
3001349,0,0,0,0,0,0
300135,1,12,32634,47809,12,47809
3001350,1,1,129,486,1,486
3001351,1,3,178,3255,3,3255
3001352,1,4,548,7627,4,7627
3001353,1,7,584,13661,7,13661
3001354,1,7,837,9869,7,9869
3001355,1,1,38,5696,1,5696
3001356,1,4,448,8145,4,8145
3001357,1,8,1146,9356,8,9356
3001358,1,4,987,12251,4,12251
3001359,1,1,122,8024,1,8024
300136,1,20,43896,46636,20,46636
3001360,0,0,0,0,0,0
3001361,1,1,169,4781,1,4781
3001362,1,3,118,7032,3,7032
3001363,1,0,0,3985,0,3985
3001364,1,1,130,3395,1,3395
3001365,1,4,1354,8431,4,8431
3001366,1,2,148,14104,2,14104
3001367,1,4,4623,13110,4,13110
3001368,1,4,1013,6254,4,6254
3001369,1,0,0,308,0,308
300137,1,9,2383,3523,9,3523
3001370,0,0,0,0,0,0
3001371,1,0,0,149,0,149
3001372,1,4,557,5463,4,5463
3001373,1,5,1319,10586,5,10586
3001374,1,9,833,14499,9,14499
3001375,1,8,550,9965,8,9965
3001376,1,2,197,3954,2,3954
3001377,1,2,79,6553,2,6553
3001378,1,4,1767,11384,4,11384
3001379,1,5,977,11726,5,11726
300138,1,1,36,2643,1,2643
3001380,1,8,1309,10093,8,10093
3001381,1,1,446,5348,1,5348
3001382,1,0,0,337,0,337
3001383,1,1,155,5149,1,5149
3001384,1,1,28,8555,1,8555
3001385,1,1,27,2539,1,2539
3001386,1,4,935,5562,4,5562
3001387,1,5,1318,9098,5,9098
3001388,1,3,521,9550,3,9550
3001389,1,8,14679,20207,8,20207
300139,1,1,90,4314,1,4314
3001390,1,6,3321,5636,6,5636
3001391,1,2,786,2529,2,2529
3001392,1,1,73,2802,1,2802
3001393,1,3,255,4627,3,4627
3001394,1,8,914,9491,8,9491
3001395,1,7,970,9785,7,9785
3001396,1,7,1188,10294,7,10294
3001397,1,5,1267,9053,5,9053
3001398,1,7,782,11168,7,11168
3001399,1,3,589,10293,3,10293
30014,1,3,794,2801,3,2801
300140,1,2,53655,54275,2,54275
3001400,1,6,2909,5916,6,5916
3001401,1,4,854,8559,4,8559
3001402,1,5,1350,11061,5,11061
3001403,1,1,218,4131,1,4131
3001404,0,0,0,0,0,0
3001405,1,5,407,8824,5,8824
3001406,1,4,658,8791,4,8791
3001407,1,0,0,2153,0,2153
3001408,1,5,1718,4149,5,4149
3001409,1,6,568,7125,6,7125
300141,1,0,0,0,0,0
3001410,1,9,712,8119,9,8119
3001411,1,5,169,4705,5,4705
3001412,1,1,68,4284,1,4284
3001413,1,3,107,6678,3,6678
3001414,1,1,116,6054,1,6054
3001415,1,0,0,6990,0,6990
3001416,1,4,1071,7610,4,7610
3001417,1,4,992,6771,4,6771
3001418,1,4,1315,10344,4,10344
3001419,1,9,1603,10172,9,10172
300142,0,0,0,0,0,0
3001420,1,7,493,9651,7,9651
3001421,1,5,686,8207,5,8207
3001422,1,7,2676,5722,7,5722
3001423,1,3,382,8035,3,8035
3001424,1,2,34,7585,2,7585
3001425,1,0,0,1472,0,1472
3001426,1,1,29,503,1,503
3001427,1,4,449,6703,4,6703
3001428,1,3,465,10155,3,10155
3001429,1,0,0,763,0,763
300143,0,0,0,0,0,0
3001430,1,5,711,5713,5,5713
3001431,1,2,155,3730,2,3730
3001432,1,4,360,7550,4,7550
3001433,1,7,1102,8270,7,8270
3001434,1,5,1387,8487,5,8487
3001435,1,5,662,5544,5,5544
3001436,1,5,639,9424,5,9424
3001437,1,4,910,11478,4,11478
3001438,1,3,403,8561,3,8561
3001439,1,1,22,2444,1,2444
300144,1,0,0,142,0,142
3001440,1,6,1015,8638,6,8638
3001441,1,7,1544,11674,7,11674
3001442,1,5,1730,12404,5,12404
3001443,1,1,898,9559,1,9559
3001444,1,3,163,6554,3,6554
3001445,1,7,426,8100,7,8100
3001446,1,2,63,5635,2,5635
3001447,0,0,0,0,0,0
3001448,1,4,720,5289,4,5289
3001449,1,3,1048,8739,3,8739
300145,0,0,0,0,0,0
3001450,1,3,230,6121,3,6121
3001451,1,0,0,541,0,541
3001452,1,5,641,5980,5,5980
3001453,1,2,653,5708,2,5708
3001454,1,0,0,7927,0,7927
3001455,1,5,868,8686,5,8686
3001456,1,5,583,4947,5,4947
3001457,1,2,280,4496,2,4496
3001458,1,1,20,6081,1,6081
3001459,1,6,811,10862,6,10862
300146,1,5,2266,2460,5,2460
3001460,1,4,1085,7369,4,7369
3001461,1,1,226,564,1,564
3001462,1,5,194,5059,5,5059
3001463,1,8,2205,10709,8,10709
3001464,1,5,2033,9051,5,9051
3001465,1,8,646,7672,8,7672
3001466,1,3,298,8123,3,8123
3001467,1,3,394,5334,3,5334
3001468,1,1,343,2922,1,2922
3001469,1,0,0,296,0,296
300147,1,13,5709,6658,13,6658
3001470,1,1,21,2877,1,2877
3001471,1,0,0,930,0,930
3001472,0,0,0,0,0,0
3001473,0,0,0,0,0,0
3001474,1,3,368,8894,3,8894
3001475,1,3,964,7285,3,7285
3001476,1,0,0,1307,0,1307
3001477,1,1,225,3159,1,3159
3001478,1,2,314,8481,2,8481
3001479,1,4,593,6437,4,6437
300148,1,4,374,3813,4,3813
3001480,1,4,408,8129,4,8129
3001481,1,7,853,10676,7,10676
3001482,1,6,338,12057,6,12057
3001483,1,4,1253,7905,4,7905
3001484,1,3,155,6438,3,6438
3001485,1,2,75,7755,2,7755
3001486,1,3,245,6863,3,6863
3001487,1,4,574,7822,4,7822
3001488,1,3,339,6915,3,6915
3001489,1,1,331,973,1,973
300149,1,1,175,5411,1,5411
3001490,1,0,0,1274,0,1274
3001491,0,0,0,0,0,0
3001492,0,0,0,0,0,0
3001493,0,0,0,0,0,0
3001494,0,0,0,0,0,0
3001495,0,0,0,0,0,0
3001496,1,4,449,11722,4,11722
3001497,1,2,74,4891,2,4891
3001498,0,0,0,0,0,0
3001499,1,0,0,2,0,2
30015,1,1,227,2238,1,2238
300150,1,6,1674,7566,6,7566
3001500,1,0,0,1859,0,1859
3001501,1,1,179,1925,1,1925
3001502,1,1,105,4251,1,4251
3001503,1,5,615,8580,5,8580
3001504,1,5,146,11873,5,11873
3001505,1,7,1145,9742,7,9742
3001506,1,8,1420,10827,8,10827
3001507,1,4,550,8261,4,8261
3001508,1,1,193,7823,1,7823
3001509,1,2,319,6591,2,6591
300151,1,3,1053,7159,3,7159
3001510,1,0,0,2702,0,2702
3001511,1,0,0,0,0,0
3001512,0,0,0,0,0,0
3001513,0,0,0,0,0,0
3001514,0,0,0,0,0,0
3001515,0,0,0,0,0,0
3001516,0,0,0,0,0,0
3001517,0,0,0,0,0,0
3001518,1,0,0,4782,0,4782
3001519,1,0,0,1557,0,1557
300152,1,2,185,5839,2,5839
3001520,0,0,0,0,0,0
3001521,1,0,0,0,0,0
3001522,1,0,0,0,0,0
3001523,0,0,0,0,0,0
3001524,0,1,64,64,1,64
3001525,1,3,62,1752,3,1752
3001526,1,6,553,6598,6,6598
3001527,1,4,262,4601,4,4601
3001528,1,3,527,7439,3,7439
3001529,1,3,924,7438,3,7438
300153,1,0,0,3201,0,3201
3001530,1,2,56,3004,2,3004
3001531,1,0,0,316,0,316
3001532,0,0,0,0,0,0
3001533,0,0,0,0,0,0
3001534,0,0,0,0,0,0
3001535,0,0,0,0,0,0
3001536,0,0,0,0,0,0
3001537,0,0,0,0,0,0
3001538,0,0,0,0,0,0
3001539,0,0,0,0,0,0
300154,1,6,1540,4218,6,4218
300155,1,3,1851,3686,3,3686
300156,1,32,49478,54817,32,54817
300157,0,18,65226,65228,18,65228
300158,1,7,2886,3209,7,3209
300159,1,3,1152,2727,3,2727
30016,1,7,1022,6626,7,6626
300160,1,7,2323,6327,7,6327
300161,1,6,842,3731,6,3731
300162,1,2,16308,17451,2,17451
300163,1,0,0,548,0,548
300164,1,0,0,522,0,522
300165,0,0,0,0,0,0
300166,0,0,0,0,0,0
300167,0,0,0,0,0,0
300168,0,0,0,0,0,0
300169,1,2,1894,3684,2,3684
30017,1,2,1137,14655,2,14655
300170,1,1,34,5151,1,5151
300171,1,2,283,7001,2,7001
300172,1,3,179,9275,3,9275
300173,1,2,7375,13578,2,13578
300174,1,6,962,5329,6,5329
300175,1,4,1315,3552,4,3552
300176,1,4,443,4247,4,4247
300177,1,3,1443,4971,3,4971
300178,1,8,16844,17736,8,17736
300179,1,7,3595,4562,7,4562
30018,1,0,0,1287,0,1287
300180,1,9,32699,33807,9,33807
300181,1,4,3803,8627,4,8627
300182,1,0,0,6276,0,6276
300183,1,0,0,567,0,567
300184,0,0,0,0,0,0
300185,0,0,0,0,0,0
300186,1,0,0,43,0,43
300187,1,0,0,37,0,37
300188,0,0,0,0,0,0
300189,0,0,0,0,0,0
30019,0,0,0,0,0,0
300190,0,0,0,0,0,0
300191,1,0,0,255,0,255
300192,1,4,1202,5944,4,5944
300193,1,4,605,6978,4,6978
300194,1,3,769,5510,3,5510
300195,1,4,317,3860,4,3860
300196,1,3,762,9709,3,9709
300197,1,1,76,3141,1,3141
300198,1,1,32,3176,1,3176
300199,1,2,321,3810,2,3810
3002,0,0,0,0,0,0
30020,1,0,0,2868,0,2868
300200,1,1,682,3190,1,3190
300201,1,5,180,5563,5,5563
300202,1,6,1847,5103,6,5103
300203,1,2,68,7096,2,7096
300204,1,0,0,12726,0,12726
300205,1,0,0,310,0,310
300206,0,0,0,0,0,0
300207,0,0,0,0,0,0
300208,0,0,0,0,0,0
300209,0,0,0,0,0,0
30021,1,1,132,2416,1,2416
300210,1,0,0,461,0,461
300211,1,0,0,631,0,631
300212,1,4,265,2276,4,2276
300213,1,3,875,742,3,742
300214,1,2,2652,7642,2,7642
300215,1,3,3259,10064,3,10064
300216,1,5,1512,7055,5,7055
300217,1,4,511,4033,4,4033
300218,1,4,1181,8213,4,8213
300219,1,2,534,1365,2,1365
30022,0,0,0,0,0,0
300220,1,11,2596,12324,11,12324
300221,1,1,47,5699,1,5699
300222,1,1,1650,8262,1,8262
300223,1,6,1312,6899,6,6899
300224,1,0,0,5127,0,5127
300225,1,2,974,8467,2,8467
300226,1,2,7630,11512,2,11512
300227,1,0,0,0,0,0
300228,0,0,0,0,0,0
300229,0,0,0,0,0,0
30023,0,0,0,0,0,0
300230,1,0,0,2156,0,2156
300231,1,0,0,2794,0,2794
300232,1,0,0,1856,0,1856
300233,1,2,813,2961,2,2961
300234,1,0,0,1547,0,1547
300235,1,3,5736,5927,3,5927
300236,1,2,519,2626,2,2626
300237,1,2,95,7837,2,7837
300238,1,1,62,5725,1,5725
300239,1,2,93,4857,2,4857
30024,0,0,0,0,0,0
300240,1,1,471,6813,1,6813
300241,1,2,94,2515,2,2515
300242,1,11,6035,16498,11,16498
300243,1,1,162,5854,1,5854
300244,1,7,1854,6809,7,6809
300245,1,9,3841,10189,9,10189
300246,1,5,2234,5926,5,5926
300247,1,0,0,775,0,775
300248,0,0,0,0,0,0
300249,0,0,0,0,0,0
30025,1,1,25,3267,1,3267
300250,0,0,0,0,0,0
300251,1,5,19851,22824,5,22824
300252,1,7,9782,17604,7,17604
300253,1,1,8303,35373,1,35373
300254,1,2,698,4406,2,4406
300255,1,1,687,5341,1,5341
300256,1,0,0,1383,0,1383
300257,0,0,0,0,0,0
300258,1,0,0,118,0,118
300259,1,3,236,3151,3,3151
30026,1,6,10509,24177,6,24177
300260,1,3,272,4723,3,4723
300261,1,7,391,2319,7,2319
300262,1,6,1507,5654,6,5654
300263,1,1,884,2732,1,2732
300264,1,3,13582,11481,3,11481
300265,1,4,564,6982,4,6982
300266,1,4,838,10085,4,10085
300267,1,9,6195,12130,9,12130
300268,1,9,1759,8761,9,8761
300269,1,1,75,2582,1,2582
30027,1,2,22758,25541,2,25541
300270,1,3,294,2006,3,2006
300271,1,1,243,313,1,313
300272,1,2,470,3967,2,3967
300273,1,3,1192,14331,3,14331
300274,1,8,2293,11773,8,11773
300275,1,4,4237,6475,4,6475
300276,1,1,87,925,1,925
300277,0,1,109,109,1,109
300278,0,0,0,0,0,0
300279,0,0,0,0,0,0
30028,1,0,0,0,0,0
300280,0,0,0,0,0,0
300281,0,0,0,0,0,0
300282,1,0,0,315,0,315
300283,1,1,76,989,1,989
300284,1,0,0,97,0,97
300285,1,0,0,38,0,38
300286,1,6,1897,7306,6,7306
300287,1,9,2335,7263,9,7263
300288,1,4,2838,10977,4,10977
300289,1,7,1547,7043,7,7043
30029,1,1,136,259,1,259
300290,1,0,0,3337,0,3337
300291,1,2,35,2619,2,2619
300292,1,0,0,6224,0,6224
300293,1,5,932,3121,5,3121
300294,1,4,511,11664,4,11664
300295,1,9,1218,14501,9,14501
300296,1,3,224,3539,3,3539
300297,0,0,0,0,0,0
300298,0,0,0,0,0,0
300299,0,0,0,0,0,0
3003,1,2,4214,6418,2,6418
30030,1,2,1825,1636,2,1636
300300,0,0,0,0,0,0
300301,0,0,0,0,0,0
300302,0,0,0,0,0,0
300303,0,0,0,0,0,0
300304,0,0,0,0,0,0
300305,0,0,0,0,0,0
300306,0,0,0,0,0,0
300307,0,0,0,0,0,0
300308,1,6,752,7740,6,7740
300309,1,5,1184,3958,5,3958
30031,1,4,368,6114,4,6114
300310,1,5,426,2992,5,2992
300311,1,1,92,2286,1,2286
300312,1,2,167,5709,2,5709
300313,1,6,1001,5396,6,5396
300314,1,7,540,4419,7,4419
300315,1,2,58,3694,2,3694
300316,1,4,193,10432,4,10432
300317,1,7,1169,11321,7,11321
300318,1,9,4119,8530,9,8530
300319,0,0,0,0,0,0
30032,1,6,471,7411,6,7411
300320,0,0,0,0,0,0
300321,0,0,0,0,0,0
300322,0,0,0,0,0,0
300323,0,0,0,0,0,0
300324,0,0,0,0,0,0
300325,0,0,0,0,0,0
300326,0,0,0,0,0,0
300327,0,0,0,0,0,0
300328,0,0,0,0,0,0
300329,0,0,0,0,0,0
30033,1,6,3070,9012,6,9012
300330,1,8,1286,10267,8,10267
300331,1,5,90,8896,5,8896
300332,1,6,1111,13230,6,13230
300333,1,7,881,15314,7,15314
300334,1,8,804,15503,8,15503
300335,1,1,271,5419,1,5419
300336,1,7,1295,6743,7,6743
300337,1,4,743,6166,4,6166
300338,1,5,646,9789,5,9789
300339,1,4,1010,12561,4,12561
30034,1,2,4455,7691,2,7691
300340,1,7,4742,12820,7,12820
300341,1,2,471,487,2,487
300342,1,0,0,62,0,62
300343,1,0,0,27,0,27
300344,0,0,0,0,0,0
300345,0,0,0,0,0,0
300346,0,0,0,0,0,0
300347,0,0,0,0,0,0
300348,0,0,0,0,0,0
300349,0,0,0,0,0,0
30035,1,0,0,41,0,41
300350,0,0,0,0,0,0
300351,0,0,0,0,0,0
300352,1,10,2693,13202,10,13202
300353,1,1,189,12156,1,12156
300354,1,8,1170,20170,8,20170
300355,1,8,2067,15717,8,15717
300356,1,7,1273,10877,7,10877
300357,1,1,281,5671,1,5671
300358,1,2,106,6693,2,6693
300359,1,3,391,8678,3,8678
30036,0,0,0,0,0,0
300360,1,1,16,9468,1,9468
300361,1,1,75,7228,1,7228
300362,1,4,261,6923,4,6923
300363,1,0,0,175,0,175
300364,1,0,0,17,0,17
300365,1,0,0,0,0,0
300366,0,0,0,0,0,0
300367,0,0,0,0,0,0
300368,0,0,0,0,0,0
300369,0,0,0,0,0,0
30037,0,0,0,0,0,0
300370,0,0,0,0,0,0
300371,0,0,0,0,0,0
300372,0,0,0,0,0,0
300373,0,0,0,0,0,0
300374,1,11,2351,10732,11,10732
300375,1,7,815,11767,7,11767
300376,1,10,2150,13787,10,13787
300377,1,9,795,12155,9,12155
300378,1,7,2364,11980,7,11980
300379,1,3,941,11892,3,11892
30038,1,1,98,2734,1,2734
300380,1,5,826,8773,5,8773
300381,1,2,426,8499,2,8499
300382,1,0,0,5425,0,5425
300383,1,3,409,6919,3,6919
300384,1,0,0,321,0,321
300385,0,0,0,0,0,0
300386,0,0,0,0,0,0
300387,0,0,0,0,0,0
300388,0,0,0,0,0,0
300389,0,0,0,0,0,0
30039,1,0,0,6109,0,6109
300390,0,0,0,0,0,0
300391,0,0,0,0,0,0
300392,0,0,0,0,0,0
300393,0,0,0,0,0,0
300394,0,0,0,0,0,0
300395,0,0,0,0,0,0
300396,1,7,769,6209,7,6209
300397,1,5,1374,11279,5,11279
300398,1,4,104,13122,4,13122
300399,1,7,748,11556,7,11556
3004,1,2,5451,14396,2,14396
30040,1,0,0,46,0,46
300400,1,10,1067,10814,10,10814
300401,1,8,3805,12600,8,12600
300402,1,4,1214,6688,4,6688
300403,1,1,197,5129,1,5129
300404,1,2,51,4080,2,4080
300405,1,2,142,3556,2,3556
300406,0,0,0,0,0,0
300407,0,0,0,0,0,0
300408,0,0,0,0,0,0
300409,0,0,0,0,0,0
30041,1,0,0,1346,0,1346
300410,0,0,0,0,0,0
300411,0,0,0,0,0,0
300412,0,0,0,0,0,0
300413,0,0,0,0,0,0
300414,0,0,0,0,0,0
300415,0,0,0,0,0,0
300416,0,0,0,0,0,0
300417,0,0,0,0,0,0
300418,1,3,185,5733,3,5733
300419,1,2,270,4406,2,4406
30042,1,5,883,8205,5,8205
300420,1,5,6543,16555,5,16555
300421,1,6,648,12520,6,12520
300422,1,3,412,9770,3,9770
300423,1,6,827,8057,6,8057
300424,1,5,1137,6556,5,6556
300425,1,1,750,3756,1,3756
300426,1,4,1078,9323,4,9323
300427,1,0,0,10815,0,10815
300428,1,2,276,1943,2,1943
300429,0,0,0,0,0,0
30043,1,6,869,4139,6,4139
300430,0,0,0,0,0,0
300431,0,0,0,0,0,0
300432,0,0,0,0,0,0
300433,0,0,0,0,0,0
300434,0,0,0,0,0,0
300435,0,0,0,0,0,0
300436,0,0,0,0,0,0
300437,0,0,0,0,0,0
300438,0,0,0,0,0,0
300439,0,0,0,0,0,0
30044,0,0,0,0,0,0
300440,1,6,1283,9331,6,9331
300441,1,10,3190,8644,10,8644
300442,1,14,7303,15876,14,15876
300443,1,8,399,9227,8,9227
300444,1,4,366,8215,4,8215
300445,1,7,585,8842,7,8842
300446,1,7,2918,10372,7,10372
300447,1,4,151,13534,4,13534
300448,1,4,1091,6161,4,6161
300449,1,8,1151,8703,8,8703
30045,0,0,0,0,0,0
300450,1,5,2107,12589,5,12589
300451,1,10,3375,5990,10,5990
300452,0,0,0,0,0,0
300453,0,0,0,0,0,0
300454,0,0,0,0,0,0
300455,1,0,0,412,0,412
300456,1,0,0,131,0,131
300457,0,0,0,0,0,0
300458,0,0,0,0,0,0
300459,0,0,0,0,0,0
30046,1,0,0,532,0,532
300460,0,0,0,0,0,0
300461,0,0,0,0,0,0
300462,1,10,1870,10608,10,10608
300463,1,14,4050,15666,14,15666
300464,1,9,1199,12383,9,12383
300465,1,11,1031,8943,11,8943
300466,1,2,74,5658,2,5658
300467,1,4,850,2958,4,2958
300468,1,3,733,5875,3,5875
300469,1,8,642,12474,8,12474
30047,1,0,0,4993,0,4993
300470,1,8,2060,12937,8,12937
300471,1,16,2010,10177,16,10177
300472,1,8,2231,9106,8,9106
300473,1,5,1422,5708,5,5708
300474,1,2,34,385,2,385
300475,0,0,0,0,0,0
300476,0,0,0,0,0,0
300477,0,0,0,0,0,0
300478,0,0,0,0,0,0
300479,0,0,0,0,0,0
30048,1,1,444,6374,1,6374
300480,0,0,0,0,0,0
300481,0,0,0,0,0,0
300482,0,0,0,0,0,0
300483,0,0,0,0,0,0
300484,1,9,1831,15002,9,15002
300485,1,10,1348,11834,10,11834
300486,1,5,533,9309,5,9309
300487,1,4,1447,6487,4,6487
300488,1,2,107,609,2,609
300489,1,5,560,6203,5,6203
30049,1,3,845,12355,3,12355
300490,1,6,493,8796,6,8796
300491,1,8,876,7069,8,7069
300492,1,4,461,6591,4,6591
300493,1,3,236,7662,3,7662
300494,1,3,171,6726,3,6726
300495,1,0,0,7368,0,7368
300496,1,6,219,8461,6,8461
300497,1,8,33064,35613,8,35613
300498,1,7,41646,41646,7,41646
300499,0,0,0,0,0,0
3005,1,0,0,984,0,984
30050,1,1,110,12023,1,12023
300500,0,0,0,0,0,0
300501,0,0,0,0,0,0
300502,0,0,0,0,0,0
300503,0,0,0,0,0,0
300504,0,0,0,0,0,0
300505,0,0,0,0,0,0
300506,1,5,772,7258,5,7258
300507,1,8,1455,7982,8,7982
300508,1,5,225,7113,5,7113
300509,1,6,232,8587,6,8587
30051,1,0,0,7676,0,7676
300510,1,1,730,2442,1,2442
300511,1,6,1045,5320,6,5320
300512,1,5,618,9135,5,9135
300513,1,6,1772,8741,6,8741
300514,1,0,0,5619,0,5619
300515,1,3,396,7346,3,7346
300516,1,3,414,6261,3,6261
300517,1,1,16,5336,1,5336
300518,1,0,0,8526,0,8526
300519,1,0,0,1526,0,1526
30052,1,2,208,3396,2,3396
300520,1,0,0,603,0,603
300521,1,0,0,403,0,403
300522,0,0,0,0,0,0
300523,0,0,0,0,0,0
300524,0,0,0,0,0,0
300525,0,0,0,0,0,0
300526,0,0,0,0,0,0
300527,0,0,0,0,0,0
300528,1,1,17,3219,1,3219
300529,1,9,994,8209,9,8209
30053,1,6,718,7288,6,7288
300530,1,5,1134,10719,5,10719
300531,1,5,814,11252,5,11252
300532,1,4,688,2910,4,2910
300533,1,3,614,13778,3,13778
300534,1,1,1771,2898,1,2898
300535,1,7,5200,12400,7,12400
300536,1,6,895,13820,6,13820
300537,1,3,2230,13467,3,13467
300538,1,5,1900,7147,5,7147
300539,1,3,2038,6952,3,6952
30054,1,5,1327,7804,5,7804
300540,1,3,748,6618,3,6618
300541,1,1,336,4715,1,4715
300542,1,1,32,404,1,404
300543,1,4,464,815,4,815
300544,0,0,0,0,0,0
300545,0,0,0,0,0,0
300546,0,0,0,0,0,0
300547,0,0,0,0,0,0
300548,1,0,0,0,0,0
300549,1,0,0,0,0,0
30055,1,3,2717,10165,3,10165
300550,1,8,789,7241,8,7241
300551,1,9,1050,10309,9,10309
300552,1,8,1209,11900,8,11900
300553,1,9,1107,13099,9,13099
300554,1,12,2658,11141,12,11141
300555,1,4,996,17827,4,17827
300556,1,1,746,2195,1,2195
300557,1,2,3168,6815,2,6815
300558,1,5,2568,8780,5,8780
300559,1,4,2924,15606,4,15606
30056,1,4,4055,11515,4,11515
300560,1,5,1327,5898,5,5898
300561,1,1,552,1676,1,1676
300562,1,6,885,3774,6,3774
300563,1,1,940,4654,1,4654
300564,1,0,0,287,0,287
300565,0,0,0,0,0,0
300566,0,0,0,0,0,0
300567,0,0,0,0,0,0
300568,0,0,0,0,0,0
300569,0,0,0,0,0,0
30057,1,0,0,27,0,27
300570,1,0,0,0,0,0
300571,1,0,0,0,0,0
300572,1,12,1794,11067,12,11067
300573,1,9,950,10589,9,10589
300574,1,6,706,10741,6,10741
300575,1,6,2246,12943,6,12943
300576,1,4,788,14843,4,14843
300577,1,3,478,12350,3,12350
300578,1,1,104,1787,1,1787
300579,1,0,0,1224,0,1224
30058,1,0,0,46,0,46
300580,1,12,3098,7824,12,7824
300581,1,13,9013,17740,13,17740
300582,1,1,127,6341,1,6341
300583,1,1,81,5951,1,5951
300584,1,1,155,6709,1,6709
300585,1,0,0,2297,0,2297
300586,0,0,0,0,0,0
300587,0,0,0,0,0,0
300588,0,0,0,0,0,0
300589,0,0,0,0,0,0
30059,1,2,1216,1423,2,1423
300590,1,0,0,0,0,0
300591,1,0,0,0,0,0
300592,0,0,0,0,0,0
300593,0,0,0,0,0,0
300594,1,2,147,5173,2,5173
300595,1,6,714,10351,6,10351
300596,1,14,1820,10263,14,10263
300597,1,3,692,9095,3,9095
300598,1,8,1681,15270,8,15270
300599,1,6,1939,11625,6,11625
3006,0,0,0,0,0,0
30060,1,0,0,1273,0,1273
300600,1,0,0,763,0,763
300601,1,1,327,718,1,718
300602,1,16,6287,9178,16,9178
300603,1,3,867,12380,3,12380
300604,1,1,135,2676,1,2676
300605,1,2,403,1529,2,1529
300606,1,3,982,3092,3,3092
300607,1,0,0,424,0,424
300608,0,0,0,0,0,0
300609,0,0,0,0,0,0
30061,1,0,0,1465,0,1465
300610,0,0,0,0,0,0
300611,0,0,0,0,0,0
300612,1,0,0,0,0,0
300613,0,0,0,0,0,0
300614,0,0,0,0,0,0
300615,0,0,0,0,0,0
300616,1,6,697,9303,6,9303
300617,1,12,1817,13260,12,13260
300618,1,6,430,8977,6,8977
300619,1,2,635,7906,2,7906
30062,1,3,541,3415,3,3415
300620,1,11,1399,18496,11,18496
300621,1,7,960,16257,7,16257
300622,1,3,410,8404,3,8404
300623,1,1,111,1364,1,1364
300624,1,7,2339,11070,7,11070
300625,1,4,3801,9646,4,9646
300626,1,1,17,785,1,785
300627,0,0,0,0,0,0
300628,0,0,0,0,0,0
300629,0,0,0,0,0,0
30063,1,5,788,12690,5,12690
300630,0,0,0,0,0,0
300631,0,0,0,0,0,0
300632,0,0,0,0,0,0
300633,0,0,0,0,0,0
300634,0,0,0,0,0,0
300635,0,0,0,0,0,0
300636,0,0,0,0,0,0
300637,0,0,0,0,0,0
300638,1,7,2352,13373,7,13373
300639,1,7,720,13226,7,13226
30064,1,4,1424,12180,4,12180
300640,1,1,27,2936,1,2936
300641,1,5,428,2827,5,2827
300642,1,6,669,12026,6,12026
300643,1,4,1945,8304,4,8304
300644,1,2,2338,4726,2,4726
300645,1,0,0,1883,0,1883
300646,1,1,16,10065,1,10065
300647,1,1,16,5722,1,5722
300648,1,0,0,2577,0,2577
300649,0,0,0,0,0,0
30065,1,3,537,6649,3,6649
300650,0,0,0,0,0,0
300651,0,0,0,0,0,0
300652,0,0,0,0,0,0
300653,0,0,0,0,0,0
300654,0,0,0,0,0,0
300655,0,0,0,0,0,0
300656,0,0,0,0,0,0
300657,0,0,0,0,0,0
300658,0,0,0,0,0,0
300659,0,0,0,0,0,0
30066,0,0,0,0,0,0
300660,1,5,274,12475,5,12475
300661,1,3,186,7113,3,7113
300662,1,0,0,86,0,86
300663,1,5,825,6589,5,6589
300664,1,2,230,8176,2,8176
300665,1,6,2130,6665,6,6665
300666,1,1,2227,3530,1,3530
300667,1,0,0,170,0,170
300668,1,0,0,51,0,51
300669,0,0,0,0,0,0
30067,0,0,0,0,0,0
300670,0,0,0,0,0,0
300671,0,0,0,0,0,0
300672,0,0,0,0,0,0
300673,0,0,0,0,0,0
300674,0,0,0,0,0,0
300675,0,0,0,0,0,0
300676,0,0,0,0,0,0
300677,0,0,0,0,0,0
300678,0,0,0,0,0,0
300679,0,0,0,0,0,0
30068,1,0,0,3369,0,3369
300680,0,0,0,0,0,0
300681,0,0,0,0,0,0
300682,1,11,745,12341,11,12341
300683,1,5,599,10510,5,10510
300684,1,2,92,2080,2,2080
300685,1,6,453,7989,6,7989
300686,1,5,654,8898,5,8898
300687,1,7,1184,6155,7,6155
300688,1,1,172,1769,1,1769
300689,1,0,0,67,0,67
30069,1,1,22,4343,1,4343
300690,1,0,0,73,0,73
300691,1,0,0,795,0,795
300692,1,0,0,572,0,572
300693,1,0,0,952,0,952
300694,1,2,763,1084,2,1084
300695,0,0,0,0,0,0
300696,0,0,0,0,0,0
300697,0,0,0,0,0,0
300698,0,0,0,0,0,0
300699,0,0,0,0,0,0
3007,1,2,91,743,2,743
30070,1,3,834,7174,3,7174
300700,0,0,0,0,0,0
300701,0,0,0,0,0,0
300702,0,0,0,0,0,0
300703,0,0,0,0,0,0
300704,1,8,1198,10340,8,10340
300705,1,7,576,11108,7,11108
300706,1,8,821,9660,8,9660
300707,1,7,600,6528,7,6528
300708,1,3,418,7497,3,7497
300709,1,4,1320,7105,4,7105
30071,1,2,431,19982,2,19982
300710,1,4,441,6913,4,6913
300711,1,2,113,2541,2,2541
300712,0,0,0,0,0,0
300713,1,0,0,61,0,61
300714,1,1,155,472,1,472
300715,1,15,24567,80756,15,80756
300716,1,4,190,91249,4,91249
300717,1,3,97,601,3,601
300718,1,0,0,44,0,44
300719,0,0,0,0,0,0
30072,1,6,610,24814,6,24814
300720,0,0,0,0,0,0
300721,0,0,0,0,0,0
300722,0,0,0,0,0,0
300723,0,0,0,0,0,0
300724,0,0,0,0,0,0
300725,0,0,0,0,0,0
300726,1,11,2379,10724,11,10724
300727,1,10,481,12662,10,12662
300728,1,4,673,11038,4,11038
300729,1,12,1136,8927,12,8927
30073,1,0,0,6224,0,6224
300730,1,5,645,6200,5,6200
300731,1,11,1314,11277,11,11277
300732,1,4,356,11575,4,11575
300733,1,4,210,8140,4,8140
300734,0,0,0,0,0,0
300735,1,0,0,0,0,0
300736,1,0,0,46,0,46
300737,1,3,134,8329,3,8329
300738,1,2,140,5502,2,5502
300739,1,12,931,8991,12,8991
30074,1,3,189,3674,3,3674
300740,1,4,435,5265,4,5265
300741,1,0,0,121,0,121
300742,0,0,0,0,0,0
300743,0,0,0,0,0,0
300744,0,0,0,0,0,0
300745,1,0,0,0,0,0
300746,1,0,0,0,0,0
300747,0,0,0,0,0,0
300748,1,10,2737,9734,10,9734
300749,1,6,709,9267,6,9267
30075,1,3,169,3556,3,3556
300750,1,11,1786,11399,11,11399
300751,1,6,1025,10452,6,10452
300752,1,0,0,6545,0,6545
300753,1,8,1078,9835,8,9835
300754,1,7,523,10394,7,10394
300755,1,6,1065,6244,6,6244
300756,1,0,0,366,0,366
300757,1,0,0,1782,0,1782
300758,1,1,102,324,1,324
300759,1,5,28468,30980,5,30980
30076,1,1,101,576,1,576
300760,1,6,1074,7400,6,7400
300761,1,14,1133,12876,14,12876
300762,1,15,1619,10006,15,10006
300763,1,7,864,8747,7,8747
300764,1,2,76,4377,2,4377
300765,0,0,0,0,0,0
300766,0,0,0,0,0,0
300767,0,0,0,0,0,0
300768,0,0,0,0,0,0
300769,0,0,0,0,0,0
30077,1,0,0,4452,0,4452
300770,1,1,142,9056,1,9056
300771,1,2,194,9036,2,9036
300772,1,4,552,10420,4,10420
300773,1,8,548,10343,8,10343
300774,1,6,2180,12456,6,12456
300775,1,9,715,11133,9,11133
300776,1,11,1444,10939,11,10939
300777,1,11,1872,11075,11,11075
300778,1,3,643,7063,3,7063
300779,1,2,314,3696,2,3696
30078,1,2,268,8592,2,8592
300780,1,4,575,3344,4,3344
300781,1,10,2303,11579,10,11579
300782,1,11,1126,10116,11,10116
300783,1,13,1311,10469,13,10469
300784,1,12,1332,9605,12,9605
300785,1,6,1106,10676,6,10676
300786,1,6,2474,7560,6,7560
300787,1,1,28,855,1,855
300788,0,0,0,0,0,0
300789,0,0,0,0,0,0
30079,0,1,254,254,1,254
300790,0,0,0,0,0,0
300791,0,0,0,0,0,0
300792,1,3,413,8673,3,8673
300793,1,4,477,5164,4,5164
300794,1,8,1357,11076,8,11076
300795,1,11,1603,7327,11,7327
300796,1,1,410,6619,1,6619
300797,1,8,817,9089,8,9089
300798,1,6,958,8695,6,8695
300799,1,12,3690,10689,12,10689
3008,1,6,4208,7573,6,7573
30080,0,0,0,0,0,0
300800,1,4,381,4870,4,4870
300801,1,4,524,7636,4,7636
300802,1,11,1719,7936,11,7936
300803,1,13,1596,8916,13,8916
300804,1,8,1203,11155,8,11155
300805,1,7,1341,11276,7,11276
300806,1,6,752,9522,6,9522
300807,1,4,951,10953,4,10953
300808,1,10,1232,12678,10,12678
300809,1,3,99,4706,3,4706
30081,1,2,155,619,2,619
300810,0,0,0,0,0,0
300811,0,0,0,0,0,0
300812,1,0,0,0,0,0
300813,0,0,0,0,0,0
300814,1,0,0,1,0,1
300815,0,0,0,0,0,0
300816,1,1,88,1436,1,1436
300817,1,4,102,1558,4,1558
300818,1,2,376,2674,2,2674
300819,1,4,632,11277,4,11277
30082,1,0,0,996,0,996
300820,1,5,469,11445,5,11445
300821,1,6,2197,6867,6,6867
300822,1,4,1147,5722,4,5722
300823,1,7,4370,9187,7,9187
300824,1,14,2883,10257,14,10257
300825,1,6,376,7732,6,7732
300826,1,7,1288,7040,7,7040
300827,1,5,498,7761,5,7761
300828,1,21,3635,11798,21,11798
300829,1,12,1678,8625,12,8625
30083,1,0,0,0,0,0
300830,1,7,1744,10212,7,10212
300831,1,3,381,2320,3,2320
300832,0,0,0,0,0,0
300833,0,0,0,0,0,0
300834,0,0,0,0,0,0
300835,0,0,0,0,0,0
300836,1,0,0,70,0,70
300837,0,0,0,0,0,0
300838,1,4,2647,4215,4,4215
300839,1,0,0,217,0,217
30084,1,3,152,8614,3,8614
300840,1,0,0,252,0,252
300841,1,3,483,4299,3,4299
300842,1,3,5890,11741,3,11741
300843,1,6,3659,12050,6,12050
300844,1,6,1632,10898,6,10898
300845,1,6,5280,10093,6,10093
300846,1,8,2381,10976,8,10976
300847,1,6,1086,13216,6,13216
300848,1,2,160,9129,2,9129
300849,1,7,1079,11250,7,11250
30085,1,4,865,14255,4,14255
300850,1,19,4175,14298,19,14298
300851,1,21,3900,10664,21,10664
300852,1,8,4147,9611,8,9611
300853,1,1,1527,1712,1,1712
300854,1,0,0,0,0,0
300855,1,1,35,0,1,0
300856,0,0,0,0,0,0
300857,0,0,0,0,0,0
300858,1,0,0,3386,0,3386
300859,1,0,0,1498,0,1498
30086,1,6,414,15542,6,15542
300860,1,1,556,1973,1,1973
300861,1,0,0,992,0,992
300862,1,0,0,227,0,227
300863,1,3,271,5179,3,5179
300864,1,6,1147,6224,6,6224
300865,1,4,1292,6041,4,6041
300866,1,5,1594,8548,5,8548
300867,1,3,23197,28741,3,28741
300868,1,8,1331,10729,8,10729
300869,1,12,2161,14839,12,14839
30087,1,2,114,7994,2,7994
300870,1,6,938,5405,6,5405
300871,1,15,4931,14423,15,14423
300872,1,14,2486,12148,14,12148
300873,1,7,540,9236,7,9236
300874,1,5,427,8765,5,8765
300875,1,0,0,643,0,643
300876,1,0,0,16,0,16
300877,1,0,0,160,0,160
300878,0,0,0,0,0,0
300879,0,0,0,0,0,0
30088,0,0,0,0,0,0
300880,1,6,2059,10525,6,10525
300881,1,0,0,3071,0,3071
300882,1,0,0,343,0,343
300883,1,2,267,504,2,504
300884,1,7,845,6125,7,6125
300885,1,2,240,7961,2,7961
300886,1,13,2083,8196,13,8196
300887,1,8,1469,8559,8,8559
300888,1,3,650,13197,3,13197
300889,1,3,1190,12181,3,12181
30089,1,0,0,5,0,5
300890,1,15,3887,13517,15,13517
300891,1,7,732,9995,7,9995
300892,1,7,1515,10261,7,10261
300893,1,10,1454,10278,10,10278
300894,1,11,1086,9899,11,9899
300895,1,6,1127,6593,6,6593
300896,1,4,2027,5172,4,5172
300897,1,0,0,253,0,253
300898,1,0,0,19,0,19
300899,1,0,0,0,0,0
3009,1,3,143,28504,3,28504
30090,1,1,370,1873,1,1873
300900,1,0,0,589,0,589
300901,0,0,0,0,0,0
300902,1,1,59,4332,1,4332
300903,0,0,0,0,0,0
300904,0,0,0,0,0,0
300905,0,0,0,0,0,0
300906,1,7,1016,5790,7,5790
300907,1,5,693,7848,5,7848
300908,1,8,1186,6280,8,6280
300909,1,7,2593,8339,7,8339
30091,1,7,10843,14736,7,14736
300910,1,3,327,13247,3,13247
300911,1,4,1631,14712,4,14712
300912,1,8,2301,7828,8,7828
300913,1,3,385,4577,3,4577
300914,1,12,1511,12583,12,12583
300915,1,12,3314,13574,12,13574
300916,1,1,104,9784,1,9784
300917,1,5,434,8972,5,8972
300918,1,5,494,8558,5,8558
300919,1,3,304,8084,3,8084
30092,1,26,65041,67865,26,67865
300920,1,4,969,4186,4,4186
300921,1,0,0,623,0,623
300922,0,0,0,0,0,0
300923,0,0,0,0,0,0
300924,1,0,0,1898,0,1898
300925,1,0,0,19,0,19
300926,0,0,0,0,0,0
300927,0,0,0,0,0,0
300928,1,4,1985,8929,4,8929
300929,1,5,353,8951,5,8951
30093,1,8,6123,11785,8,11785
300930,1,3,2248,11343,3,11343
300931,1,5,4194,8666,5,8666
300932,1,2,629,7822,2,7822
300933,1,7,1225,16146,7,16146
300934,1,6,766,7303,6,7303
300935,1,4,707,6960,4,6960
300936,1,13,1552,11483,13,11483
300937,1,6,885,14110,6,14110
300938,1,7,597,9045,7,9045
300939,1,3,314,10832,3,10832
30094,1,7,598,6045,7,6045
300940,1,6,512,9567,6,9567
300941,1,4,286,8710,4,8710
300942,1,6,2205,7909,6,7909
300943,1,0,0,1850,0,1850
300944,0,0,0,0,0,0
300945,0,0,0,0,0,0
300946,1,0,0,340,0,340
300947,0,0,0,0,0,0
300948,0,0,0,0,0,0
300949,0,0,0,0,0,0
30095,1,1,21,3941,1,3941
300950,1,3,1012,5912,3,5912
300951,1,4,380,11481,4,11481
300952,1,3,150,9885,3,9885
300953,1,2,328,2838,2,2838
300954,1,4,753,1402,4,1402
300955,1,4,813,7706,4,7706
300956,1,4,406,8663,4,8663
300957,1,15,3390,16509,15,16509
300958,1,16,1556,11741,16,11741
300959,1,6,778,9620,6,9620
30096,1,2,223,963,2,963
300960,1,5,630,8427,5,8427
300961,1,11,1396,11203,11,11203
300962,1,11,645,9650,11,9650
300963,1,6,862,4877,6,4877
300964,0,0,0,0,0,0
300965,1,0,0,215,0,215
300966,1,0,0,119,0,119
300967,0,0,0,0,0,0
300968,0,0,0,0,0,0
300969,0,0,0,0,0,0
30097,1,0,0,144,0,144
300970,1,0,0,354,0,354
300971,0,0,0,0,0,0
300972,1,3,218,2551,3,2551
300973,1,4,323,11057,4,11057
300974,1,4,132,12129,4,12129
300975,1,0,0,6094,0,6094
300976,0,0,0,0,0,0
300977,1,0,0,474,0,474
300978,1,5,1172,8536,5,8536
300979,1,12,1739,13616,12,13616
30098,1,0,0,235,0,235
300980,1,8,709,10839,8,10839
300981,1,9,1231,9690,9,9690
300982,1,7,735,8791,7,8791
300983,1,10,937,10918,10,10918
300984,1,9,1165,10167,9,10167
300985,1,7,750,5963,7,5963
300986,1,0,0,230,0,230
300987,1,0,0,115,0,115
300988,0,0,0,0,0,0
300989,1,0,0,18,0,18
30099,1,0,0,3496,0,3496
300990,1,1,25,197,1,197
300991,0,0,0,0,0,0
300992,0,0,0,0,0,0
300993,1,0,0,282,0,282
300994,1,2,169,2394,2,2394
300995,1,5,472,14459,5,14459
300996,1,4,297,12045,4,12045
300997,1,1,36,8335,1,8335
300998,1,0,0,267,0,267
300999,0,0,0,0,0,0
3100,1,1,51,134,1,134
3101,1,0,0,9,0,9
31010,1,5,1018,8309,5,8309
310100,1,3,225,7991,3,7991
310101,1,0,0,1942,0,1942
310102,0,0,0,0,0,0
310103,0,0,0,0,0,0
310104,0,0,0,0,0,0
310105,0,0,0,0,0,0
310106,1,0,0,33,0,33
310107,1,0,0,3583,0,3583
310108,1,3,23056,9116,3,9116
310109,1,1,146,16063,1,16063
31011,1,1,70,6035,1,6035
310110,1,1,26,4872,1,4872
310111,1,2,3420,18951,2,18951
310112,1,3,2338,16421,3,16421
310113,1,8,7599,11999,8,11999
310114,1,6,3229,8198,6,8198
310115,1,6,1505,3151,6,3151
310116,1,0,0,2080,0,2080
310117,1,4,574,7820,4,7820
310118,1,1,47,2828,1,2828
310119,1,10,1837,4754,10,4754
31012,1,7,1465,8802,7,8802
310120,1,0,0,561,0,561
310121,0,0,0,0,0,0
310122,1,6,2420,49666,6,49666
310123,1,1,20715,26032,1,26032
310124,1,1,204,6968,1,6968
310125,1,2,1124,12988,2,12988
310126,1,2,2164,11186,2,11186
310127,1,5,1248,14088,5,14088
310128,1,8,3623,21376,8,21376
310129,1,4,603,8863,4,8863
31013,1,5,3636,13506,5,13506
310130,1,12,6520,11612,12,11612
310131,1,7,496,6578,7,6578
310132,1,2,1687,4506,2,4506
310133,1,9,6346,17180,9,17180
310134,1,1,388,3457,1,3457
310135,1,0,0,941,0,941
310136,1,5,420,1707,5,1707
310137,1,0,0,762,0,762
310138,1,0,0,2729,0,2729
310139,1,5,3523,5718,5,5718
31014,1,8,5100,11975,8,11975
310140,1,2,220,3140,2,3140
310141,1,1,302,2788,1,2788
310142,1,1,91,4977,1,4977
310143,1,1,300,3259,1,3259
310144,1,3,296,4149,3,4149
310145,1,4,413,7934,4,7934
310146,1,4,112,8047,4,8047
310147,1,6,1599,7542,6,7542
310148,1,4,538,8597,4,8597
310149,1,5,1916,7205,5,7205
31015,1,8,1423,2967,8,2967
310150,1,2,488,6214,2,6214
310151,1,4,329,7257,4,7257
310152,1,1,199,4285,1,4285
310153,1,1,8508,11079,1,11079
310154,0,0,0,0,0,0
310155,1,0,0,429,0,429
310156,1,2,5511,10787,2,10787
310157,1,2,254,9855,2,9855
310158,1,3,1348,6231,3,6231
310159,1,2,65,10199,2,10199
31016,0,1,76,78,1,78
310160,1,3,704,2818,3,2818
310161,1,4,131,5106,4,5106
310162,1,6,1496,5917,6,5917
310163,1,3,144,4644,3,4644
310164,1,3,274,4273,3,4273
310165,1,4,265,3237,4,3237
310166,1,0,0,2698,0,2698
310167,1,0,0,4122,0,4122
310168,1,3,749,10207,3,10207
310169,1,2,716,2612,2,2612
31017,1,0,0,21,0,21
310170,1,0,0,61,0,61
310171,0,0,0,0,0,0
310172,0,0,0,0,0,0
310173,1,3,440,1709,3,1709
310174,1,0,0,1821,0,1821
310175,1,0,0,2118,0,2118
310176,1,2,164,6068,2,6068
310177,1,2,280,5806,2,5806
310178,1,6,597,6276,6,6276
310179,1,6,412,6193,6,6193
31018,0,0,0,0,0,0
310180,1,3,109,5550,3,5550
310181,1,4,152,7296,4,7296
310182,1,3,717,4358,3,4358
310183,1,0,0,3278,0,3278
310184,1,1,186,3480,1,3480
310185,1,2,3756,12171,2,12171
310186,1,0,0,737,0,737
310187,0,0,0,0,0,0
310188,0,0,0,0,0,0
310189,1,3,156,1311,3,1311
31019,0,0,0,0,0,0
310190,1,3,1029,11300,3,11300
310191,1,3,179,2670,3,2670
310192,1,5,3196,9244,5,9244
310193,1,3,589,6849,3,6849
310194,1,6,684,5528,6,5528
310195,1,3,82,4247,3,4247
310196,1,3,613,5287,3,5287
310197,1,1,125,5650,1,5650
310198,1,2,139,6613,2,6613
310199,1,4,6894,10119,4,10119
3102,1,0,0,192,0,192
31020,0,0,0,0,0,0
310200,1,1,537,9437,1,9437
310201,1,3,89,2090,3,2090
310202,1,3,2175,2933,3,2933
310203,1,0,0,354,0,354
310204,0,0,0,0,0,0
310205,0,0,0,0,0,0
310206,1,6,15734,16748,6,16748
310207,1,5,1130,17141,5,17141
310208,1,3,462,8453,3,8453
310209,1,2,789,7621,2,7621
31021,1,0,0,22,0,22
310210,1,3,442,9050,3,9050
310211,1,3,382,6141,3,6141
310212,1,5,262,5593,5,5593
310213,1,10,1456,5462,10,5462
310214,1,3,822,5326,3,5326
310215,1,2,295,6691,2,6691
310216,1,1,53,1652,1,1652
310217,1,1,52,322,1,322
310218,1,1,20,702,1,702
310219,1,1,28,3252,1,3252
31022,0,0,0,0,0,0
310220,1,1,46,1100,1,1100
310221,0,0,0,0,0,0
310222,1,0,0,123,0,123
310223,1,4,2871,5773,4,5773
310224,1,4,1071,2901,4,2901
310225,1,1,90,583,1,583
310226,1,2,46,6897,2,6897
310227,1,6,569,7505,6,7505
310228,1,3,432,5324,3,5324
310229,1,4,2020,4827,4,4827
31023,0,0,0,0,0,0
310230,1,5,602,2573,5,2573
310231,1,3,621,3466,3,3466
310232,1,4,69,6621,4,6621
310233,1,6,562,6725,6,6725
310234,1,3,818,5535,3,5535
310235,1,0,0,1721,0,1721
310236,1,1,29,3318,1,3318
310237,1,1,32,2693,1,2693
310238,0,0,0,0,0,0
310239,1,0,0,263,0,263
31024,0,1,398,398,1,398
310240,1,0,0,460,0,460
310241,1,2,68,799,2,799
310242,1,0,0,238,0,238
310243,1,4,344,4549,4,4549
310244,1,6,575,4909,6,4909
310245,1,3,301,1177,3,1177
310246,1,4,1091,1213,4,1213
310247,1,1,450,530,1,530
310248,1,3,441,2950,3,2950
310249,1,1,25,5920,1,5920
31025,1,1,432,2298,1,2298
310250,1,5,826,10154,5,10154
310251,1,7,1099,10336,7,10336
310252,1,3,149,4427,3,4427
310253,1,1,38,3664,1,3664
310254,1,0,0,1640,0,1640
310255,0,2,165,165,2,165
310256,0,0,0,0,0,0
310257,1,2,970,1418,2,1418
310258,1,0,0,754,0,754
310259,0,0,0,0,0,0
31026,1,2,1417,8262,2,8262
310260,1,1,35,1653,1,1653
310261,1,0,0,622,0,622
310262,0,0,0,0,0,0
310263,1,1,12813,12827,1,12827
310264,1,1,169,366,1,366
310265,1,7,4084,8007,7,8007
310266,1,7,3493,10037,7,10037
310267,1,6,401,8406,6,8406
310268,1,6,703,8117,6,8117
310269,1,7,611,9828,7,9828
31027,1,3,1286,6223,3,6223
310270,1,1,9908,16260,1,16260
310271,1,0,0,390,0,390
310272,0,0,0,0,0,0
310273,0,0,0,0,0,0
310274,1,0,0,521,0,521
310275,1,0,0,859,0,859
310276,0,0,0,0,0,0
310277,0,0,0,0,0,0
310278,0,0,0,0,0,0
310279,0,0,0,0,0,0
31028,1,18,7763,14607,18,14607
310280,0,0,0,0,0,0
310281,1,0,0,22,0,22
310282,1,3,621,5462,3,5462
310283,1,8,1227,10160,8,10160
310284,1,2,45,8599,2,8599
310285,1,3,171,4207,3,4207
310286,1,4,582,3978,4,3978
310287,1,6,8588,15315,6,15315
310288,1,3,112,1438,3,1438
310289,1,0,0,189,0,189
31029,1,25,14882,19266,25,19266
310290,1,0,0,1089,0,1089
310291,0,0,0,0,0,0
310292,0,0,0,0,0,0
310293,0,0,0,0,0,0
310294,0,0,0,0,0,0
310295,0,0,0,0,0,0
310296,0,0,0,0,0,0
310297,0,0,0,0,0,0
310298,0,0,0,0,0,0
310299,1,2,202,1568,2,1568
3103,0,0,0,0,0,0
31030,1,5,841,7213,5,7213
310300,1,5,615,7825,5,7825
310301,1,10,1076,8874,10,8874
310302,1,4,414,10787,4,10787
310303,1,6,757,7915,6,7915
310304,1,5,672,8065,5,8065
310305,1,10,1709,3326,10,3326
310306,1,1,63,256,1,256
310307,1,0,0,1666,0,1666
310308,0,0,0,0,0,0
310309,0,0,0,0,0,0
31031,1,8,1653,4104,8,4104
310310,0,0,0,0,0,0
310311,0,0,0,0,0,0
310312,0,0,0,0,0,0
310313,0,0,0,0,0,0
310314,0,0,0,0,0,0
310315,0,0,0,0,0,0
310316,1,1,63,116,1,116
310317,1,4,638,4735,4,4735
310318,1,6,596,8447,6,8447
310319,1,6,258,11765,6,11765
31032,1,12,3216,6986,12,6986
310320,1,4,583,11893,4,11893
310321,1,10,1474,11221,10,11221
310322,1,3,922,3095,3,3095
310323,0,0,0,0,0,0
310324,1,0,0,100,0,100
310325,1,0,0,113,0,113
310326,0,0,0,0,0,0
310327,0,0,0,0,0,0
310328,0,0,0,0,0,0
310329,0,0,0,0,0,0
31033,0,0,0,2,0,2
310330,0,0,0,0,0,0
310331,0,0,0,0,0,0
310332,0,0,0,0,0,0
310333,0,0,0,0,0,0
310334,1,1,129,2061,1,2061
310335,1,2,51,7670,2,7670
310336,1,5,586,9159,5,9159
310337,1,11,1453,14950,11,14950
310338,1,6,332,11326,6,11326
310339,1,1,25,1589,1,1589
31034,0,0,0,0,0,0
310340,1,1,91,106,1,106
310341,1,2,435,679,2,679
310342,1,0,0,362,0,362
310343,0,0,0,0,0,0
310344,0,0,0,0,0,0
310345,0,0,0,0,0,0
310346,0,0,0,0,0,0
310347,0,0,0,0,0,0
310348,0,0,0,0,0,0
310349,0,0,0,0,0,0
31035,0,0,0,0,0,0
310350,1,0,0,87,0,87
310351,1,0,0,224,0,224
310352,1,0,0,1377,0,1377
310353,1,1,357,5308,1,5308
310354,1,4,132,7834,4,7834
310355,1,4,270,8624,4,8624
310356,1,1,33,2011,1,2011
310357,1,3,888,1542,3,1542
310358,1,3,390,1044,3,1044
310359,1,0,0,476,0,476
31036,0,0,0,0,0,0
310360,1,1,30,28,1,28
310361,0,0,0,0,0,0
310362,0,0,0,0,0,0
310363,0,0,0,0,0,0
310364,0,0,0,0,0,0
310365,0,0,0,0,0,0
310366,0,0,0,0,0,0
310367,1,4,717,1204,4,1204
310368,1,3,368,3363,3,3363
310369,1,1,39,1511,1,1511
31037,1,0,0,2,0,2
310370,1,1,47,4042,1,4042
310371,1,1,43,3294,1,3294
310372,1,1,86,627,1,627
310373,1,1,115,672,1,672
310374,1,1,293,722,1,722
310375,1,0,0,428,0,428
310376,1,0,0,0,0,0
310377,1,1,20,116,1,116
310378,1,0,0,32,0,32
310379,0,0,0,0,0,0
31038,0,0,0,0,0,0
310380,0,0,0,0,0,0
310381,0,0,0,0,0,0
310382,1,0,0,136,0,136
310383,1,1,26,352,1,352
310384,1,0,0,2597,0,2597
310385,1,0,0,6155,0,6155
310386,1,3,431,6257,3,6257
310387,1,3,280,4605,3,4605
310388,1,3,311,6110,3,6110
310389,1,1,71,568,1,568
31039,0,0,0,0,0,0
310390,1,0,0,542,0,542
310391,1,0,0,55,0,55
310392,1,1,72,387,1,387
310393,0,0,0,0,0,0
310394,1,0,0,798,0,798
310395,1,1,27,736,1,736
310396,1,0,0,19,0,19
310397,1,1,50,25,1,25
310398,1,0,0,6,0,6
310399,1,0,0,741,0,741
3104,1,0,0,28,0,28
31040,0,0,0,0,0,0
310400,1,0,0,775,0,775
310401,1,0,0,3027,0,3027
310402,1,2,132,7601,2,7601
310403,1,2,123,6873,2,6873
310404,1,0,0,3484,0,3484
310405,1,0,0,990,0,990
310406,1,0,0,823,0,823
310407,1,0,0,475,0,475
310408,1,0,0,85,0,85
310409,1,1,361,529,1,529
31041,0,0,0,0,0,0
310410,0,0,0,0,0,0
310411,1,0,0,916,0,916
310412,1,1,534,2919,1,2919
310413,1,0,0,523,0,523
310414,1,1,52,107,1,107
310415,1,0,0,422,0,422
310416,0,0,0,0,0,0
310417,1,0,0,141,0,141
310418,1,0,0,444,0,444
310419,1,0,0,4497,0,4497
31042,0,0,0,0,0,0
310420,1,1,25,5297,1,5297
310421,1,1,36,1427,1,1427
310422,1,0,0,345,0,345
310423,0,0,0,0,0,0
310424,1,0,0,292,0,292
310425,1,0,0,190,0,190
310426,1,0,0,386,0,386
310427,0,0,0,0,0,0
310428,1,0,0,1562,0,1562
310429,1,0,0,3208,0,3208
31043,1,0,0,1852,0,1852
310430,1,1,28,1399,1,1399
310431,1,0,0,666,0,666
310432,1,0,0,319,0,319
310433,0,0,0,0,0,0
310434,0,0,0,0,0,0
310435,0,0,0,0,0,0
310436,1,1,729,1440,1,1440
310437,1,1,169,1281,1,1281
310438,1,2,62,1651,2,1651
310439,1,0,0,538,0,538
31044,1,8,2166,5005,8,5005
310440,0,0,0,0,0,0
310441,0,0,0,0,0,0
310442,1,0,0,1686,0,1686
310443,1,0,0,168,0,168
310444,1,0,0,1394,0,1394
310445,1,0,0,2161,0,2161
310446,1,2,160,2219,2,2219
310447,0,0,0,0,0,0
310448,1,2,1196,2206,2,2206
310449,1,1,83,502,1,502
31045,1,2,3996,7906,2,7906
310450,1,0,0,555,0,555
310451,1,0,0,61,0,61
310452,0,0,0,0,0,0
310453,1,0,0,415,0,415
310454,1,0,0,755,0,755
310455,1,1,926,1947,1,1947
310456,1,3,899,1367,3,1367
310457,0,3,1526,1549,3,1549
310458,0,0,0,0,0,0
310459,1,0,0,1867,0,1867
31046,1,3,442,7740,3,7740
310460,1,1,57,1617,1,1617
310461,1,2,1109,3259,2,3259
310462,1,0,0,337,0,337
310463,1,1,98,265,1,265
310464,1,2,3599,4318,2,4318
310465,1,0,0,210,0,210
310466,1,0,0,110,0,110
310467,1,0,0,170,0,170
310468,1,1,47,708,1,708
310469,1,1,269,1196,1,1196
31047,1,3,688,2713,3,2713
310470,1,1,156,1311,1,1311
310471,1,1,1505,3020,1,3020
310472,1,3,142,3445,3,3445
310473,1,0,0,632,0,632
310474,1,0,0,83,0,83
310475,0,0,0,0,0,0
310476,1,0,0,182,0,182
310477,1,0,0,777,0,777
310478,1,2,225,650,2,650
310479,0,1,354,354,1,354
31048,1,3,127,1105,3,1105
310480,1,0,0,67,0,67
310481,1,1,153,1184,1,1184
310482,1,1,41,546,1,546
310483,1,1,17,318,1,318
310484,1,0,0,307,0,307
310485,1,0,0,1659,0,1659
310486,1,2,68,1276,2,1276
310487,1,1,121,536,1,536
310488,1,1,65,1312,1,1312
310489,1,0,0,307,0,307
31049,1,9,3493,8886,9,8886
310490,1,1,211,493,1,493
310491,1,1,216,698,1,698
310492,0,0,0,0,0,0
310493,1,1,4115,5285,1,5285
310494,1,1,47,1959,1,1959
310495,1,1,122,145,1,145
310496,1,0,0,1085,0,1085
310497,1,0,0,250,0,250
310498,1,2,156,1190,2,1190
310499,1,1,91,3053,1,3053
3105,0,0,0,0,0,0
31050,1,1,146,482,1,482
310500,1,0,0,460,0,460
310501,1,1,43,280,1,280
310502,1,0,0,327,0,327
310503,0,0,0,0,0,0
310504,1,2,143538,143790,2,143790
310505,1,1,63761,63859,1,63859
310506,1,1,294,573,1,573
310507,1,0,0,558,0,558
310508,0,0,0,0,0,0
310509,0,0,0,0,0,0
31051,1,1,340,599,1,599
310510,1,1,5138,6932,1,6932
310511,1,3,496,3305,3,3305
310512,1,0,0,1332,0,1332
310513,1,0,0,4044,0,4044
310514,1,0,0,1043,0,1043
310515,1,1,43,2067,1,2067
310516,1,0,0,7631,0,7631
310517,1,1,89,2649,1,2649
310518,1,0,0,4,0,4
310519,1,0,0,546,0,546
31052,0,0,0,0,0,0
310520,1,0,0,454,0,454
310521,1,1,28279,29131,1,29131
310522,1,2,9222,10028,2,10028
310523,1,0,0,375,0,375
310524,0,0,0,0,0,0
310525,1,0,0,220,0,220
310526,1,0,0,228,0,228
310527,1,0,0,523,0,523
310528,1,2,52,1313,2,1313
310529,1,0,0,247,0,247
31053,0,0,0,0,0,0
310530,1,5,3006,4051,5,4051
310531,1,5,7530,12549,5,12549
310532,1,1,358,5155,1,5155
310533,1,0,0,6172,0,6172
310534,1,1,77,980,1,980
310535,1,1,483,871,1,871
310536,1,3,984,1512,3,1512
310537,1,2,448,772,2,772
310538,1,0,0,568,0,568
310539,1,0,0,292,0,292
31054,1,0,0,0,0,0
310540,1,0,0,479,0,479
310541,1,0,0,271,0,271
310542,1,0,0,260,0,260
310543,1,0,0,208,0,208
310544,0,0,0,0,0,0
310545,1,1,372,2655,1,2655
310546,1,0,0,944,0,944
310547,1,2,2499,3964,2,3964
310548,1,1,218,3734,1,3734
310549,1,3,986,10961,3,10961
31055,0,0,0,0,0,0
310550,1,0,0,45,0,45
310551,1,0,0,898,0,898
310552,1,7,1127,2765,7,2765
310553,1,2,482,572,2,572
310554,1,0,0,567,0,567
310555,1,0,0,395,0,395
310556,1,3,155,8,3,8
310557,1,0,0,526,0,526
310558,1,0,0,11,0,11
310559,1,0,0,32,0,32
31056,0,3,392,417,3,417
310560,0,0,0,0,0,0
310561,1,0,0,233,0,233
310562,1,0,0,290,0,290
310563,1,1,30,1790,1,1790
310564,1,1,22,1317,1,1317
310565,1,1,260,2552,1,2552
310566,1,0,0,1771,0,1771
310567,0,0,0,0,0,0
310568,1,1,192,452,1,452
310569,1,1,131,5266,1,5266
31057,0,0,0,0,0,0
310570,1,1,133,3896,1,3896
310571,1,1,310,1013,1,1013
310572,1,0,0,1108,0,1108
310573,1,0,0,183,0,183
310574,1,0,0,174,0,174
310575,1,0,0,1100,0,1100
310576,1,0,0,483,0,483
310577,1,0,0,316,0,316
310578,1,1,243,499,1,499
310579,1,0,0,1223,0,1223
31058,0,0,0,0,0,0
310580,1,1,16,630,1,630
310581,0,0,0,4,0,4
310582,1,0,0,331,0,331
310583,1,0,0,98,0,98
310584,1,0,0,289,0,289
310585,1,1,335,415,1,415
310586,1,1,358,1849,1,1849
310587,1,0,0,4814,0,4814
310588,1,0,0,291,0,291
310589,1,0,0,477,0,477
31059,0,0,0,0,0,0
310590,1,0,0,764,0,764
310591,1,1,23,1373,1,1373
310592,1,0,0,3205,0,3205
310593,1,0,0,304,0,304
310594,1,0,0,219,0,219
310595,1,1,228,762,1,762
310596,1,3,1379,1648,3,1648
310597,1,0,0,228,0,228
310598,1,0,0,630,0,630
310599,1,0,0,380,0,380
3106,0,0,0,0,0,0
31060,1,2,96,387,2,387
310600,1,0,0,990,0,990
310601,1,2,204,794,2,794
310602,0,1,302,302,1,302
310603,1,2,493,935,2,935
310604,1,0,0,1272,0,1272
310605,1,0,0,474,0,474
310606,1,2,65,715,2,715
310607,1,0,0,115,0,115
310608,1,0,0,232,0,232
310609,1,2,120,643,2,643
31061,1,7,2755,9882,7,9882
310610,0,0,0,0,0,0
310611,0,0,0,0,0,0
310612,1,0,0,60,0,60
310613,1,3,2916,3881,3,3881
310614,1,1,53,387,1,387
310615,1,0,0,696,0,696
310616,1,0,0,1043,0,1043
310617,1,0,0,956,0,956
310618,1,0,0,202,0,202
310619,0,0,0,0,0,0
31062,1,6,4826,8604,6,8604
310620,0,0,0,0,0,0
310621,0,0,0,0,0,0
310622,0,0,0,0,0,0
310623,0,0,0,0,0,0
310624,0,0,0,0,0,0
310625,0,0,0,0,0,0
310626,0,0,0,0,0,0
310627,0,0,0,0,0,0
310628,0,0,0,0,0,0
310629,1,0,0,24,0,24
31063,1,5,3200,5088,5,5088
310630,1,1,22,3748,1,3748
310631,1,1,43,580,1,580
310632,1,1,46,1111,1,1111
310633,1,0,0,573,0,573
310634,1,1,1394,1968,1,1968
310635,0,0,0,0,0,0
310636,1,1,21,1330,1,1330
310637,1,1,133,392,1,392
310638,0,0,0,0,0,0
310639,0,1,3732,3732,1,3732
31064,1,5,4658,8353,5,8353
310640,0,0,0,0,0,0
310641,0,0,0,0,0,0
310642,0,0,0,0,0,0
310643,0,0,0,0,0,0
310644,1,0,0,0,0,0
310645,1,0,0,132,0,132
310646,1,0,0,144,0,144
310647,1,0,0,555,0,555
310648,1,0,0,558,0,558
310649,1,0,0,620,0,620
31065,1,2,2925,3747,2,3747
310650,1,0,0,84,0,84
310651,0,0,0,0,0,0
310652,0,0,0,0,0,0
310653,0,0,0,0,0,0
310654,1,0,0,45,0,45
310655,1,0,0,15,0,15
310656,0,0,0,0,0,0
310657,0,0,0,0,0,0
310658,0,0,0,0,0,0
310659,0,0,0,0,0,0
31066,1,6,2602,7491,6,7491
310660,0,0,0,0,0,0
310661,0,0,0,0,0,0
310662,0,0,0,0,0,0
310663,0,0,0,0,0,0
310664,1,0,0,103,0,103
310665,1,1,26,62,1,62
310666,0,0,0,0,0,0
310667,0,0,0,0,0,0
310668,0,0,0,0,0,0
310669,0,0,0,0,0,0
31067,1,1,238,2642,1,2642
310670,0,0,0,0,0,0
310671,0,0,0,0,0,0
310672,1,1,909,965,1,965
310673,0,0,0,0,0,0
310674,0,0,0,0,0,0
310675,0,0,0,0,0,0
310676,0,0,0,0,0,0
310677,0,0,0,0,0,0
310678,0,0,0,0,0,0
310679,0,0,0,0,0,0
31068,1,1,325,569,1,569
31069,1,0,0,45,0,45
3107,1,0,0,1419,0,1419
31070,0,0,0,0,0,0
31071,0,0,0,0,0,0
31072,0,0,0,0,0,0
31073,1,0,0,1588,0,1588
31074,1,0,0,1186,0,1186
31075,1,1,389,1009,1,1009
31076,1,3,2086,7087,3,7087
31077,1,0,0,3740,0,3740
31078,1,1,1405,5006,1,5006
31079,1,16,16589,21071,16,21071
3108,1,0,0,4876,0,4876
31080,1,3,5718,12280,3,12280
31081,1,4,2447,4808,4,4808
31082,1,4,1843,7380,4,7380
31083,1,6,1028,8151,6,8151
31084,1,1,163,2773,1,2773
31085,0,0,0,0,0,0
31086,1,0,0,60,0,60
31087,0,0,0,0,0,0
31088,0,0,0,0,0,0
31089,0,1,180,180,1,180
3109,1,7,1789,8357,7,8357
31090,1,1,1004,3786,1,3786
31091,1,1,28,2058,1,2058
31092,1,2,53,3834,2,3834
31093,1,0,0,4807,0,4807
31094,1,2,923,6563,2,6563
31095,1,4,7103,13173,4,13173
31096,1,2,16989,27626,2,27626
31097,1,5,1745,14626,5,14626
31098,1,4,2010,8019,4,8019
31099,1,2,1803,4713,2,4713
