stem,tp,fp,fn,n_gt,found,merges,splits,fp_inst,n_pred_inst,boundary_iou
austin1_r0c0,37577,4772,62089,43,15,0,0,1,16,0.09977670264235207
austin1_r0c1,58675,6997,69925,55,31,0,1,2,34,0.16184162510643474
austin1_r0c2,74243,7744,77198,95,41,4,0,5,42,0.1759957063309256
austin1_r0c3,80048,20860,66166,49,33,5,0,3,31,0.10009561672789492
austin1_r0c4,46431,17202,58885,31,15,2,0,4,17,0.03412304165074513
austin1_r1c0,62605,8893,96370,123,52,7,0,7,52,0.13562222384038447
austin1_r1c1,127560,3859,87200,59,23,0,0,3,26,0.17226917865668753
austin1_r1c2,79310,8181,53148,47,23,2,0,2,23,0.17173899623433544
austin1_r1c3,33015,4306,39115,44,17,1,0,3,19,0.11514962315479642
austin1_r1c4,185068,21508,14125,6,4,1,0,0,3,0.05970739422696718
austin1_r2c0,52361,5397,144526,166,44,2,0,5,47,0.11539315290702638
austin1_r2c1,66161,10144,98724,164,69,8,0,3,62,0.16411000552791596
austin1_r2c2,71267,10291,80273,147,48,0,0,7,55,0.15178620324565087
austin1_r2c3,70378,8213,69222,161,67,5,2,3,67,0.19971096659440832
austin1_r2c4,85726,12793,77391,44,19,3,0,1,17,0.14842875591907018
austin1_r3c0,66167,8318,146149,177,53,2,0,11,62,0.13275166078637043
austin1_r3c1,92439,12661,78957,153,77,5,0,3,75,0.203425012973534
austin1_r3c2,56846,9076,99457,163,67,8,1,2,62,0.16434281125670694
austin1_r3c3,42481,6636,74120,127,40,2,0,7,45,0.14182870536461697
austin1_r3c4,43331,6656,95776,122,29,1,0,2,29,0.08994661522587591
austin1_r4c0,46736,4782,122413,121,30,2,0,3,31,0.11984141286718328
austin1_r4c1,80098,6716,88695,121,53,2,0,5,56,0.21621892743213691
austin1_r4c2,44346,5481,95164,125,38,3,0,8,43,0.14384909665863205
austin1_r4c3,54167,5240,96517,140,48,2,0,1,46,0.15178746615390654
austin1_r4c4,73751,11871,108063,156,61,4,0,5,62,0.1311142245692907
austin2_r0c0,43520,5656,58170,49,21,0,1,1,23,0.14219441906234626
austin2_r0c1,105223,13346,119754,88,30,4,1,5,32,0.1455323598900035
austin2_r0c2,141824,9430,44534,49,28,2,0,0,26,0.24558987815333455
austin2_r0c3,60793,12369,66238,77,40,8,0,2,34,0.10255191750225728
austin2_r0c4,142679,35538,152465,152,79,44,1,7,43,0.06896288126153477
austin2_r1c0,61698,10466,58269,39,19,1,0,2,20,0.10617180175228735
austin2_r1c1,179955,23132,44014,44,33,2,2,1,34,0.2173127603502508
austin2_r1c2,65149,4734,98590,77,30,1,2,7,38,0.14228122610690205
austin2_r1c3,11021,1947,38278,28,9,0,0,0,9,0.057144784779382
austin2_r1c4,54340,9923,144044,123,34,1,2,3,38,0.05068690175073154
austin2_r2c0,112120,28354,74860,42,26,10,0,9,25,0.10742433428158374
austin2_r2c1,112518,16668,107846,67,33,11,1,3,26,0.11443251642065118
austin2_r2c2,85345,10284,142970,111,43,3,1,9,50,0.12730296620432416
austin2_r2c3,41698,3997,128663,91,25,0,0,2,27,0.08629528002892817
austin2_r2c4,44252,3820,135373,123,37,0,1,4,42,0.09492140266021766
austin2_r3c0,93989,12254,119751,76,32,1,0,4,35,0.12048511486885212
austin2_r3c1,75917,16356,88753,75,38,2,0,8,44,0.11519701318773962
austin2_r3c2,94727,21252,56836,50,22,5,0,6,23,0.12301653121026151
austin2_r3c3,89537,15049,132847,84,40,0,0,3,43,0.10500932085991346
austin2_r3c4,54787,6752,129756,60,23,3,2,1,23,0.07516988244630722
austin2_r4c0,78591,9286,108338,107,43,0,0,3,46,0.1430316511085181
austin2_r4c1,56091,8092,67737,66,28,2,2,2,30,0.130460927083061
austin2_r4c2,52283,8087,86616,80,31,3,1,3,32,0.13843499691928526
austin2_r4c3,72540,13810,113238,89,43,4,0,3,42,0.09275972905733017
austin2_r4c4,44492,9393,113275,58,16,2,0,10,24,0.042614019472988644
austin3_r0c0,20733,4569,43309,14,5,0,0,2,7,0.04160506863780359
austin3_r0c1,32532,5446,24045,22,15,3,0,1,13,0.14178322755561032
austin3_r0c2,79079,10357,113011,75,37,5,0,3,35,0.12033203740674582
austin3_r0c3,26791,1853,107279,65,17,0,0,3,20,0.07288060363959166
austin3_r0c4,45424,5420,123541,96,34,1,1,2,36,0.09500905740520957
austin3_r1c0,29006,3064,45220,32,16,0,0,2,18,0.12040564769161811
austin3_r1c1,55454,7422,84984,47,16,3,1,7,21,0.10928556999528652
austin3_r1c2,58562,5727,100468,79,34,1,0,2,35,0.13795601673327257
austin3_r1c3,42701,10140,130473,83,26,3,1,3,27,0.08169913628667567
austin3_r1c4,36339,3917,210028,140,29,5,0,5,29,0.060815932740679486
austin3_r2c0,51909,7142,136104,77,29,1,0,4,32,0.08077526327582343
austin3_r2c1,47678,4019,134887,81,23,0,0,2,25,0.11062354023639323
austin3_r2c2,27356,3076,100411,71,22,2,0,2,22,0.09539671107910215
austin3_r2c3,57991,7273,158388,116,34,2,0,5,37,0.10352571300247025
austin3_r2c4,20093,1930,180474,86,16,0,0,2,18,0.04179250499808584
austin3_r3c0,14182,3689,132814,67,9,1,1,2,11,0.03633742755037689
austin3_r3c1,81161,7125,119052,106,40,1,0,4,43,0.1681981768026453
austin3_r3c2,64827,13929,121478,114,44,6,0,4,42,0.11639232662465744
austin3_r3c3,72250,12157,144045,154,39,4,0,5,40,0.0965450584517198
austin3_r3c4,64640,7652,139035,110,28,1,0,1,28,0.06252509398839289
austin3_r4c0,23643,1605,83760,47,11,0,0,0,11,0.09734803459441735
austin3_r4c1,61613,9081,140486,102,32,4,0,4,32,0.13326067211625794
austin3_r4c2,161136,31819,69925,73,41,7,0,3,37,0.19263788844552693
austin3_r4c3,87144,16502,47809,48,25,1,1,5,30,0.13582739623294585
austin3_r4c4,83459,14842,103144,122,52,2,0,5,55,0.10058929028952088
austin4_r0c0,134221,28020,48547,23,17,1,0,3,19,0.07616014558689718
austin4_r0c1,36932,3489,76145,40,14,0,1,5,20,0.12951906523570564
austin4_r0c2,13036,1887,66808,31,6,0,0,1,7,0.05183699324324324
austin4_r0c3,0,0,1544,4,0,0,0,0,0,0.0
austin4_r0c4,8780,852,3904,9,6,0,0,1,7,0.20217155266015202
austin4_r1c0,127870,46167,52643,23,13,1,1,1,14,0.06276046697761709
austin4_r1c1,53115,6907,13772,18,12,3,0,5,14,0.15395112268949263
austin4_r1c2,34547,637,21067,5,3,0,0,0,3,0.10042695377761277
austin4_r1c3,6317,1123,4502,2,1,0,0,0,1,0.10640608034744843
austin4_r1c4,0,0,0,0,0,0,0,0,0,nan
austin4_r2c0,59400,13305,36095,12,9,1,0,14,22,0.09115895556573522
austin4_r2c1,52508,4891,68677,20,11,0,0,6,17,0.12116118480828639
austin4_r2c2,237369,17528,15737,12,11,1,1,0,11,0.10277070540661974
austin4_r2c3,19867,2879,1322,3,2,0,0,0,2,0.14877384196185287
austin4_r2c4,15776,1609,2957,4,4,1,0,1,4,0.13269615470104468
austin4_r3c0,163961,33103,57691,25,15,0,0,4,19,0.0385997357992074
austin4_r3c1,30751,4932,42250,21,13,1,0,6,18,0.09670781893004116
austin4_r3c2,31272,6847,39248,29,14,1,0,1,14,0.10717757200593442
austin4_r3c3,48605,9420,82688,49,24,3,0,1,22,0.09475300027909574
austin4_r3c4,164091,32637,63628,72,57,4,1,4,58,0.1542297138377107
austin4_r4c0,73076,13217,104393,54,28,0,0,9,37,0.07357962726786522
austin4_r4c1,32637,3917,60168,35,16,0,0,3,19,0.11360582549521044
austin4_r4c2,70294,8884,103535,63,27,2,0,3,28,0.11846598994402809
austin4_r4c3,42631,3918,167264,87,17,1,0,3,19,0.08899574333911399
austin4_r4c4,94143,12784,134660,88,45,0,1,9,55,0.11942233820120914
austin5_r0c0,48114,11899,48664,36,22,1,1,6,28,0.11830927550245182
austin5_r0c1,23031,5722,11818,8,4,1,0,1,4,0.08985818138481706
austin5_r0c2,16326,548,1338,7,2,0,0,0,2,0.3944716383530089
austin5_r0c3,34167,2180,12100,12,3,0,0,3,6,0.17150092081031307
austin5_r0c4,82267,8936,140540,126,19,0,0,4,23,0.05320106644506769
austin5_r1c0,44430,8904,90890,52,24,0,0,5,29,0.08326355161056216
austin5_r1c1,59923,7432,59398,44,24,1,1,11,35,0.13685379004123058
austin5_r1c2,12931,2361,5282,8,3,0,0,2,5,0.12707594700503824
austin5_r1c3,3954,316,5854,4,1,0,1,0,2,0.01166902404526167
austin5_r1c4,34554,5797,148009,53,9,0,0,1,10,0.027427455357142857
austin5_r2c0,47307,8351,72155,53,28,3,0,2,27,0.10928340710611317
austin5_r2c1,69273,12108,59794,46,27,0,0,3,30,0.1331829715252326
austin5_r2c2,54189,7199,38486,31,19,0,2,2,23,0.2050348567002324
austin5_r2c3,3492,151,10967,7,1,0,0,0,1,0.10005224660397075
austin5_r2c4,21867,6977,97954,24,8,0,0,1,9,0.04593728927848955
austin5_r3c0,19903,2075,46647,38,10,0,0,0,10,0.0898094950105836
austin5_r3c1,54695,7030,76359,44,20,0,0,7,27,0.11260246824610395
austin5_r3c2,49667,7940,52468,34,19,0,0,1,20,0.13927673564107523
austin5_r3c3,43087,7490,33942,28,14,0,1,6,21,0.14519801759164175
austin5_r3c4,0,1239,611,4,0,0,0,1,1,0.0
austin5_r4c0,39355,7562,113290,54,17,0,1,5,23,0.05519441069258809
austin5_r4c1,57219,9185,72993,47,23,0,1,3,27,0.13743083595035144
austin5_r4c2,50177,4497,83712,42,16,0,1,6,23,0.12242506475885037
austin5_r4c3,43747,8054,43779,27,17,1,2,2,20,0.14822167080231596
austin5_r4c4,13663,2708,10169,12,5,1,0,1,5,0.09315143998897617
chicago1_r0c0,167280,52401,134073,348,237,125,0,27,139,0.11489799356308794
chicago1_r0c1,149547,31073,153368,312,192,67,0,7,132,0.13482375663930468
chicago1_r0c2,121685,27962,156265,326,168,61,1,10,118,0.12026912513910584
chicago1_r0c3,152886,36622,78840,187,124,78,2,8,56,0.1263222558508885
chicago1_r0c4,103028,8099,150356,79,35,15,1,6,27,0.09803212983343737
chicago1_r1c0,238295,30982,79599,207,158,73,0,6,91,0.12108893816210889
chicago1_r1c1,83139,20107,69166,169,110,20,0,6,96,0.13671261405954924
chicago1_r1c2,114352,31538,50088,205,164,39,0,6,131,0.15261160560270476
chicago1_r1c3,149910,27726,77039,62,29,12,0,4,21,0.08394728345416655
chicago1_r1c4,22455,2657,83361,3,2,0,0,3,5,0.0153971771841829
chicago1_r2c0,47304,7068,168916,9,2,0,0,6,8,0.021552170759506786
chicago1_r2c1,26040,18108,15213,14,4,0,0,1,5,0.045242766061794996
chicago1_r2c2,143116,9531,59350,6,4,0,0,1,5,0.024849274890011406
chicago1_r2c3,82063,46535,85933,21,10,2,0,9,17,0.04134523706336136
chicago1_r2c4,32908,46615,21461,5,4,0,0,6,10,0.04197857038015559
chicago1_r3c0,1381,1189,8779,5,1,0,0,1,2,0.017758046614872364
chicago1_r3c1,224137,76406,57443,13,7,5,0,5,7,0.012847608453837598
chicago1_r3c2,6686,1226,40619,22,3,0,0,0,3,0.004535594557286532
chicago1_r3c3,12977,5872,10249,10,4,0,0,3,7,0.03397198518757044
chicago1_r3c4,6148,30075,1522,3,2,0,0,4,6,0.04081632653061224
chicago1_r4c0,1927,197,2146,4,1,0,0,0,1,0.033031088082901554
chicago1_r4c1,669,21,8371,3,1,0,0,1,2,0.025826914363389217
chicago1_r4c2,5750,509,12692,6,2,0,0,0,2,0.08163804491413475
chicago1_r4c3,69496,4997,10768,10,2,1,0,1,2,0.05625137332454406
chicago1_r4c4,76188,8875,95393,20,7,0,1,3,11,0.03980967486122125
chicago2_r0c0,287961,22977,120372,47,16,5,2,9,22,0.06981434981270325
chicago2_r0c1,113746,23390,55521,72,25,8,0,6,23,0.06746174764915959
chicago2_r0c2,143859,31851,99812,229,144,41,0,11,114,0.12240011105198621
chicago2_r0c3,173557,45548,83762,189,126,56,2,15,87,0.10029792697672679
chicago2_r0c4,173376,53699,158986,327,196,102,2,26,122,0.08279906439833745
chicago2_r1c0,138156,45521,142700,257,148,55,3,13,109,0.06840733791953305
chicago2_r1c1,191835,67278,124886,261,177,101,4,15,95,0.07874745398829293
chicago2_r1c2,210988,70608,100199,312,237,116,5,9,135,0.09354453567106082
chicago2_r1c3,160129,44370,137340,238,155,51,1,11,116,0.07471003425929748
chicago2_r1c4,207807,74785,129681,292,210,114,5,13,114,0.0794566202958691
chicago2_r2c0,201069,96704,163985,289,197,136,2,19,82,0.05779906484773129
chicago2_r2c1,267846,82454,144164,217,167,118,4,9,62,0.0726582791815926
chicago2_r2c2,300212,162681,82597,285,240,189,1,17,69,0.06155485235422265
chicago2_r2c3,340289,180323,64394,247,201,153,2,7,57,0.06725619305547144
chicago2_r2c4,237530,98539,146710,276,212,158,6,9,69,0.060005463854837716
chicago2_r3c0,189119,81862,133019,337,234,150,5,10,99,0.06901249164653267
chicago2_r3c1,201951,83062,120196,342,271,192,7,13,99,0.07858695188988793
chicago2_r3c2,159696,69976,150618,339,205,135,3,17,90,0.0604738264756285
chicago2_r3c3,178820,97040,138239,286,202,122,3,15,98,0.06502244153155645
chicago2_r3c4,148101,58709,184130,347,207,129,3,14,95,0.0627631601560486
chicago2_r4c0,209775,95113,122923,340,232,150,2,14,98,0.08337189176220589
chicago2_r4c1,205524,63000,140369,402,274,170,4,12,119,0.08062962260572729
chicago2_r4c2,206283,77477,120779,312,219,119,1,12,113,0.07488704750406995
chicago2_r4c3,184408,61430,133189,346,212,123,5,13,107,0.07698713482095818
chicago2_r4c4,173860,52130,173272,398,248,155,3,20,116,0.07475512055901537
chicago3_r0c0,64392,24559,85221,133,68,31,0,5,42,0.0645566287993844
chicago3_r0c1,82525,12490,110254,117,40,8,0,11,43,0.05271585689604315
chicago3_r0c2,75897,28852,101205,68,28,5,0,9,32,0.050559215566110004
chicago3_r0c3,59344,34961,106518,95,36,12,1,8,33,0.0404404941123095
chicago3_r0c4,106742,38642,75246,87,34,12,0,1,23,0.04150254164557798
chicago3_r1c0,101842,34650,132316,213,113,41,2,9,83,0.08343035043886614
chicago3_r1c1,70174,24341,139111,174,65,22,0,12,55,0.053828931093331665
chicago3_r1c2,71014,37110,153122,157,38,5,0,5,38,0.03149211023911916
chicago3_r1c3,34401,16374,169381,171,46,7,1,5,45,0.041628530334728034
chicago3_r1c4,81983,32313,109307,149,68,27,0,7,48,0.08524073819243766
chicago3_r2c0,66636,17995,98029,162,73,29,0,9,53,0.06539191358925704
chicago3_r2c1,68110,24369,151741,134,36,6,0,9,39,0.0311733870164039
chicago3_r2c2,39137,15475,159126,144,33,7,2,12,40,0.030554626843493443
chicago3_r2c3,77315,34093,196097,185,40,12,0,10,38,0.024653735611432862
chicago3_r2c4,81757,28020,146294,188,83,34,0,13,62,0.049822673997020395
chicago3_r3c0,80951,8957,175927,214,46,7,0,9,48,0.0677958918430198
chicago3_r3c1,85343,17829,159533,162,62,10,0,8,60,0.056144099231431197
chicago3_r3c2,56268,21277,217577,211,63,27,2,8,46,0.038347082532866235
chicago3_r3c3,66323,28234,154241,139,60,21,3,13,55,0.04890291122902624
chicago3_r3c4,72718,15983,139865,119,51,13,4,9,51,0.06389462635018454
chicago3_r4c0,76825,20177,214247,273,77,17,0,4,64,0.056512538114959265
chicago3_r4c1,64882,15408,183766,124,43,3,4,12,56,0.03386129691886459
chicago3_r4c2,85629,28077,155036,121,38,5,1,8,42,0.0295056754542871
chicago3_r4c3,109258,25280,134715,141,61,27,2,5,41,0.05068010553089306
chicago3_r4c4,106129,26108,137030,148,63,21,0,9,51,0.055971473997808066
chicago4_r0c0,75995,10511,162840,176,66,20,1,12,59,0.08005228378476509
chicago4_r0c1,56936,13214,201737,164,43,12,1,17,49,0.032141253494401716
chicago4_r0c2,30682,10390,45812,39,16,3,1,2,16,0.040967616074912214
chicago4_r0c3,33404,12275,84640,31,12,2,0,2,12,0.02884486979746272
chicago4_r0c4,76689,26842,106654,73,40,6,3,3,40,0.046666404900267
chicago4_r1c0,34264,5538,136934,129,28,7,1,5,27,0.03659128819070543
chicago4_r1c1,82366,19524,105192,97,42,13,1,10,40,0.039896751024072724
chicago4_r1c2,9907,2429,68797,26,5,0,0,2,7,0.01688208915853337
chicago4_r1c3,56255,16066,111722,53,14,2,1,2,15,0.02532552861067973
chicago4_r1c4,118300,21204,110379,80,37,4,0,10,43,0.03739037086548784
chicago4_r2c0,95017,20989,140384,201,83,32,0,7,58,0.08450759457269091
chicago4_r2c1,49266,10232,226849,186,43,14,2,4,35,0.02925486146962657
chicago4_r2c2,110051,42725,133971,93,34,13,0,11,32,0.034091498746000176
chicago4_r2c3,58892,32479,163149,136,43,13,0,11,41,0.032418384096297645
chicago4_r2c4,83002,33862,161815,197,94,23,3,13,86,0.04200719984432769
chicago4_r3c0,83516,7709,182810,68,17,6,1,3,15,0.06299615877080667
chicago4_r3c1,64083,18663,111752,121,40,7,5,8,46,0.0572161369947547
chicago4_r3c2,43297,23001,78386,61,20,8,3,7,22,0.03733065136366325
chicago4_r3c3,33159,23390,87642,37,14,4,2,1,13,0.028715882608523917
chicago4_r3c4,49792,12237,128322,48,21,3,0,3,21,0.04084135419376417
chicago4_r4c0,133238,25918,142266,137,48,15,1,8,42,0.06484697825263816
chicago4_r4c1,80067,20114,162401,156,55,13,0,11,53,0.04755602611611082
chicago4_r4c2,22117,6453,132563,85,11,1,0,6,16,0.016393894307599053
chicago4_r4c3,75474,27467,142576,137,51,13,0,12,50,0.03850492717077541
chicago4_r4c4,79354,30826,120067,116,54,11,1,7,51,0.03562374664194635
chicago5_r0c0,175157,10270,87525,9,7,0,0,1,8,0.10378098052222155
chicago5_r0c1,79906,20646,109505,188,90,45,0,6,51,0.06490203030816902
chicago5_r0c2,53703,15768,156077,170,45,11,0,9,43,0.03612133104406835
chicago5_r0c3,46674,24853,115616,117,34,9,1,13,39,0.03847762442492681
chicago5_r0c4,71938,36639,97243,119,56,16,1,15,56,0.06023004035483814
chicago5_r1c0,120715,9446,84678,51,33,4,1,5,35,0.10970694916230066
chicago5_r1c1,45884,7197,69278,73,28,11,1,1,19,0.05984639907259817
chicago5_r1c2,66727,9309,87477,68,20,8,0,3,15,0.040579998672771914
chicago5_r1c3,109379,26412,80203,53,27,8,1,5,25,0.04422188423680661
chicago5_r1c4,79046,11796,90271,107,44,13,0,2,33,0.0504900711356211
chicago5_r2c0,131233,15967,97805,87,51,18,0,12,45,0.09676075803184339
chicago5_r2c1,282325,29031,60960,60,28,6,1,3,26,0.03658646684421975
chicago5_r2c2,10853,1430,54037,37,5,0,0,4,9,0.018290708967303334
chicago5_r2c3,22900,3715,74995,17,4,0,0,2,6,0.03661413607624799
chicago5_r2c4,40811,7188,121473,82,18,4,0,12,26,0.020321348948056275
chicago5_r3c0,74466,8052,151794,55,17,6,1,1,13,0.03407601572739188
chicago5_r3c1,115913,11687,124698,62,28,7,0,12,33,0.04839086911778464
chicago5_r3c2,33652,12624,34278,17,11,5,0,2,8,0.03301495016611296
chicago5_r3c3,0,0,50080,2,0,0,0,0,0,0.0
chicago5_r3c4,4657,1631,12140,9,5,0,0,0,5,0.026330224904004388
chicago5_r4c0,110190,10116,143878,116,44,12,1,4,37,0.06992123643929261
chicago5_r4c1,140226,16135,199667,141,29,1,1,7,36,0.024574382608432
chicago5_r4c2,35024,7998,28972,29,14,2,0,5,17,0.06064864257208701
chicago5_r4c3,31784,11151,36005,16,9,1,0,3,11,0.029167994899585593
chicago5_r4c4,97668,30557,92153,61,39,7,2,5,39,0.043672336831945956
kitsap1_r0c0,0,0,0,0,0,0,0,0,0,nan
kitsap1_r0c1,0,0,0,0,0,0,0,0,0,nan
kitsap1_r0c2,2263,997,3741,4,1,0,0,0,1,0.007984031936127744
kitsap1_r0c3,2369,139,12385,13,2,0,0,0,2,0.0858974358974359
kitsap1_r0c4,0,0,0,0,0,0,0,0,0,nan
kitsap1_r1c0,0,0,0,0,0,0,0,0,0,nan
kitsap1_r1c1,0,0,0,0,0,0,0,0,0,nan
kitsap1_r1c2,2018,69,5450,9,1,0,0,0,1,0.11160354552780016
kitsap1_r1c3,0,0,2650,4,0,0,0,0,0,0.0
kitsap1_r1c4,0,0,0,0,0,0,0,0,0,nan
kitsap1_r2c0,0,0,0,0,0,0,0,0,0,nan
kitsap1_r2c1,0,0,0,0,0,0,0,0,0,nan
kitsap1_r2c2,0,0,0,0,0,0,0,0,0,nan
kitsap1_r2c3,0,0,0,0,0,0,0,0,0,nan
kitsap1_r2c4,0,0,0,0,0,0,0,0,0,nan
kitsap1_r3c0,0,0,0,0,0,0,0,0,0,nan
kitsap1_r3c1,0,0,0,0,0,0,0,0,0,nan
kitsap1_r3c2,0,0,0,0,0,0,0,0,0,nan
kitsap1_r3c3,0,0,0,0,0,0,0,0,0,nan
kitsap1_r3c4,0,0,0,0,0,0,0,0,0,nan
kitsap1_r4c0,0,0,0,0,0,0,0,0,0,nan
kitsap1_r4c1,0,0,0,0,0,0,0,0,0,nan
kitsap1_r4c2,0,0,0,0,0,0,0,0,0,nan
kitsap1_r4c3,416,12,10909,6,1,0,0,0,1,0.010042487446890692
kitsap1_r4c4,985,70,6338,7,1,0,0,0,1,0.07289185326345879
kitsap2_r0c0,0,0,0,0,0,0,0,0,0,nan
kitsap2_r0c1,127,0,7348,2,0,0,0,1,1,0.0006887052341597796
kitsap2_r0c2,6320,2262,23936,11,3,0,0,1,4,0.04200542005420054
kitsap2_r0c3,7342,936,31048,16,4,0,0,0,4,0.07962903741605372
kitsap2_r0c4,13204,2076,5777,10,8,0,0,1,9,0.19749365482233502
kitsap2_r1c0,0,0,3845,5,0,0,0,0,0,0.0
kitsap2_r1c1,0,0,0,0,0,0,0,0,0,nan
kitsap2_r1c2,0,0,0,0,0,0,0,0,0,nan
kitsap2_r1c3,0,0,9772,8,0,0,0,0,0,0.0
kitsap2_r1c4,481,38,6292,7,1,0,0,0,1,0.07876049063912201
kitsap2_r2c0,0,0,0,0,0,0,0,0,0,nan
kitsap2_r2c1,0,0,3674,4,0,0,0,0,0,0.0
kitsap2_r2c2,0,0,0,0,0,0,0,0,0,nan
kitsap2_r2c3,5177,222,21390,20,4,0,0,0,4,0.08636556703950163
kitsap2_r2c4,5905,533,15537,15,4,0,0,2,6,0.13673436750359827
kitsap2_r3c0,0,0,0,0,0,0,0,0,0,nan
kitsap2_r3c1,6785,1456,11660,15,6,0,0,0,6,0.1182249322493225
kitsap2_r3c2,2479,670,2050,2,1,0,0,0,1,0.007482993197278911
kitsap2_r3c3,0,0,2357,4,0,0,0,0,0,0.0
kitsap2_r3c4,0,0,0,0,0,0,0,0,0,nan
kitsap2_r4c0,3844,140,14944,3,1,0,0,0,1,0.12248379392698738
kitsap2_r4c1,5015,556,2128,7,4,0,0,0,4,0.1468034727703236
kitsap2_r4c2,12835,3407,11841,15,6,1,0,0,5,0.06583701324769169
kitsap2_r4c3,93,15,2013,2,0,0,0,1,1,0.051580698835274545
kitsap2_r4c4,0,0,0,0,0,0,0,0,0,nan
kitsap3_r0c0,0,0,0,0,0,0,0,0,0,nan
kitsap3_r0c1,0,0,0,0,0,0,0,0,0,nan
kitsap3_r0c2,14564,1964,65784,30,8,0,0,3,11,0.05195755579948774
kitsap3_r0c3,16194,4756,87798,38,7,0,0,0,7,0.027697609304329098
kitsap3_r0c4,54541,9567,39577,26,17,2,0,1,16,0.10515396818939918
kitsap3_r1c0,0,0,0,0,0,0,0,0,0,nan
kitsap3_r1c1,5304,300,20558,10,2,0,0,1,3,0.06864466292134831
kitsap3_r1c2,16789,1252,75868,37,9,0,0,1,10,0.07444733420026008
kitsap3_r1c3,14850,1550,100021,33,6,0,0,3,9,0.05595247985378417
kitsap3_r1c4,12283,1692,50817,17,4,0,0,0,4,0.04911682677409358
kitsap3_r2c0,0,0,0,0,0,0,0,0,0,nan
kitsap3_r2c1,13057,572,67595,27,6,0,0,0,6,0.06071240568520793
kitsap3_r2c2,34897,4332,98076,50,16,0,0,1,17,0.08866498740554156
kitsap3_r2c3,3694,233,48441,16,1,0,0,0,1,0.0289977775425971
kitsap3_r2c4,21265,2516,77483,34,10,0,0,2,12,0.06401556279406442
kitsap3_r3c0,0,0,26583,10,0,0,0,0,0,0.0
kitsap3_r3c1,17274,1364,76687,33,8,0,0,2,10,0.08349466368826011
kitsap3_r3c2,15566,2114,19918,17,6,0,0,0,6,0.16772996172137802
kitsap3_r3c3,22598,2760,63663,33,10,1,0,2,11,0.09514916439208926
kitsap3_r3c4,16636,1451,55643,30,8,0,0,1,9,0.08659890723224252
kitsap3_r4c0,0,0,10231,3,0,0,0,0,0,0.0
kitsap3_r4c1,13948,2695,10462,11,4,0,0,0,4,0.17632204396910278
kitsap3_r4c2,31916,4016,96112,45,14,0,1,0,15,0.09955418606175834
kitsap3_r4c3,5091,352,71572,38,4,0,0,1,5,0.03259821985373321
kitsap3_r4c4,7819,928,26178,16,5,0,0,0,5,0.0972289156626506
kitsap4_r0c0,3216,3001,5158,5,3,0,0,2,5,0.016428763802854834
kitsap4_r0c1,6853,3493,20560,17,7,2,1,1,7,0.029902242668200116
kitsap4_r0c2,0,0,0,0,0,0,0,0,0,nan
kitsap4_r0c3,0,0,0,0,0,0,0,0,0,nan
kitsap4_r0c4,0,0,153428,93,0,0,0,0,0,0.0
kitsap4_r1c0,0,0,0,0,0,0,0,0,0,nan
kitsap4_r1c1,0,0,0,0,0,0,0,0,0,nan
kitsap4_r1c2,0,0,0,0,0,0,0,0,0,nan
kitsap4_r1c3,0,0,42829,23,0,0,0,0,0,0.0
kitsap4_r1c4,0,0,36337,23,0,0,0,0,0,0.0
kitsap4_r2c0,32947,6222,2545,3,2,0,0,0,2,0.11347197106690778
kitsap4_r2c1,0,0,0,0,0,0,0,0,0,nan
kitsap4_r2c2,0,0,0,0,0,0,0,0,0,nan
kitsap4_r2c3,0,0,40,1,0,0,0,0,0,0.0
kitsap4_r2c4,0,0,25940,13,0,0,0,0,0,0.0
kitsap4_r3c0,0,0,0,0,0,0,0,0,0,nan
kitsap4_r3c1,0,0,0,0,0,0,0,0,0,nan
kitsap4_r3c2,0,0,0,0,0,0,0,0,0,nan
kitsap4_r3c3,0,0,362,1,0,0,0,0,0,0.0
kitsap4_r3c4,19240,2312,11973,11,2,0,0,0,2,0.17721094143312635
kitsap4_r4c0,0,0,0,0,0,0,0,0,0,nan
kitsap4_r4c1,0,0,0,0,0,0,0,0,0,nan
kitsap4_r4c2,161,0,1722,2,0,0,0,1,1,0.0
kitsap4_r4c3,17907,6056,11765,12,10,0,0,5,15,0.06011183597390494
kitsap4_r4c4,51385,14667,27298,27,23,0,0,3,26,0.0724424676078128
kitsap5_r0c0,7837,2987,36424,33,7,1,0,5,11,0.03877762706454959
kitsap5_r0c1,19108,7776,26615,37,22,0,0,1,23,0.07052236583477277
kitsap5_r0c2,12954,2935,66574,10,4,0,0,1,5,0.04068751213827928
kitsap5_r0c3,2431,1546,6698,9,2,0,0,2,4,0.024954900781719785
kitsap5_r0c4,1816,709,632,3,3,1,0,0,2,0.044086773967809655
kitsap5_r1c0,4661,2985,3631,4,3,0,0,0,3,0.03329935440027183
kitsap5_r1c1,16287,8828,10237,21,14,3,0,3,14,0.045686127119351876
kitsap5_r1c2,0,0,106,1,0,0,0,0,0,0.0
kitsap5_r1c3,0,0,0,0,0,0,0,0,0,nan
kitsap5_r1c4,0,0,0,0,0,0,0,0,0,nan
kitsap5_r2c0,4101,2872,3855,6,3,0,0,0,3,0.024390243902439025
kitsap5_r2c1,2849,1792,5969,7,2,0,0,0,2,0.02857142857142857
kitsap5_r2c2,8936,2768,5181,19,6,0,0,0,6,0.08598949211908932
kitsap5_r2c3,0,0,256,2,0,0,0,0,0,0.0
kitsap5_r2c4,0,0,0,0,0,0,0,0,0,nan
kitsap5_r3c0,0,0,0,0,0,0,0,0,0,nan
kitsap5_r3c1,0,0,0,0,0,0,0,0,0,nan
kitsap5_r3c2,6738,2276,3439,8,6,1,0,0,5,0.10913436006372809
kitsap5_r3c3,0,0,0,0,0,0,0,0,0,nan
kitsap5_r3c4,0,0,0,0,0,0,0,0,0,nan
kitsap5_r4c0,1904,938,7870,9,2,0,0,0,2,0.020053475935828877
kitsap5_r4c1,7749,2189,8090,17,6,0,0,3,9,0.07057772483621202
kitsap5_r4c2,0,0,0,0,0,0,0,0,0,nan
kitsap5_r4c3,0,0,0,0,0,0,0,0,0,nan
kitsap5_r4c4,0,0,50587,29,0,0,0,0,0,0.0
tyrol-w1_r0c0,0,0,0,0,0,0,0,0,0,nan
tyrol-w1_r0c1,0,0,0,0,0,0,0,0,0,nan
tyrol-w1_r0c2,0,0,0,0,0,0,0,0,0,nan
tyrol-w1_r0c3,79,749,1527,4,1,0,0,0,1,0.019267822736030827
tyrol-w1_r0c4,56001,9103,41924,54,35,2,2,2,37,0.13419888384466355
tyrol-w1_r1c0,0,0,0,0,0,0,0,0,0,nan
tyrol-w1_r1c1,0,0,0,0,0,0,0,0,0,nan
tyrol-w1_r1c2,15266,1433,6553,11,7,0,0,1,8,0.237739374124241
tyrol-w1_r1c3,53347,4037,38774,48,29,1,0,3,31,0.20698496292703208
tyrol-w1_r1c4,57616,11877,72747,67,37,3,1,5,40,0.13349747630185893
tyrol-w1_r2c0,0,0,411,1,0,0,0,0,0,0.0
tyrol-w1_r2c1,0,0,0,0,0,0,0,0,0,nan
tyrol-w1_r2c2,6003,882,8602,10,5,1,0,2,6,0.10497350183448838
tyrol-w1_r2c3,109065,10933,96385,86,45,2,3,5,50,0.15648022913517384
tyrol-w1_r2c4,148834,34653,152234,88,55,9,5,10,61,0.12168273558406628
tyrol-w1_r3c0,23977,3704,17881,18,10,0,0,3,13,0.05951147298297557
tyrol-w1_r3c1,0,0,362,1,0,0,0,0,0,0.0
tyrol-w1_r3c2,7490,465,3297,6,3,0,0,1,4,0.1160012574662056
tyrol-w1_r3c3,79858,14082,73126,59,31,4,1,1,29,0.09659102992152777
tyrol-w1_r3c4,117778,19240,173562,70,38,2,4,13,53,0.06707850571360395
tyrol-w1_r4c0,40729,3993,16424,26,15,0,0,0,15,0.14260815437286026
tyrol-w1_r4c1,0,0,0,0,0,0,0,0,0,nan
tyrol-w1_r4c2,11255,536,12007,9,3,0,0,1,4,0.12367491166077739
tyrol-w1_r4c3,52584,4820,102283,55,25,0,0,4,29,0.08494191727282598
tyrol-w1_r4c4,106754,14290,206250,95,40,8,6,17,55,0.07186171325015683
tyrol-w2_r0c0,53588,6430,38178,55,37,4,3,3,39,0.15151957919345413
tyrol-w2_r0c1,19423,2827,5883,11,5,0,0,1,6,0.1762436268430481
tyrol-w2_r0c2,832,42,3194,7,2,0,0,0,2,0.06792237442922375
tyrol-w2_r0c3,0,0,3982,8,0,0,0,0,0,0.0
tyrol-w2_r0c4,0,0,3749,7,0,0,0,0,0,0.0
tyrol-w2_r1c0,60042,6478,87727,61,28,1,1,4,32,0.15367680618573307
tyrol-w2_r1c1,32727,2183,5061,15,10,1,0,0,9,0.22866379310344828
tyrol-w2_r1c2,23236,2010,6578,13,6,1,1,0,6,0.20947985087875023
tyrol-w2_r1c3,1043,40,5500,9,2,0,0,0,2,0.07544264819091609
tyrol-w2_r1c4,2516,338,5050,7,2,0,0,1,3,0.07483693786474425
tyrol-w2_r2c0,65221,6234,93350,71,34,3,2,8,41,0.14112634229271126
tyrol-w2_r2c1,61545,5629,50955,44,23,0,0,3,26,0.13845085787959932
tyrol-w2_r2c2,6316,359,8563,17,6,0,0,1,7,0.10077519379844961
tyrol-w2_r2c3,1,0,8786,15,0,0,0,0,0,0.0
tyrol-w2_r2c4,0,0,2876,5,0,0,0,0,0,0.0
tyrol-w2_r3c0,60468,6231,71454,59,33,0,1,5,39,0.09630258658281884
tyrol-w2_r3c1,24168,3691,16638,18,12,2,2,0,12,0.12689645013993225
tyrol-w2_r3c2,0,7829,1485,4,0,0,0,1,1,0.0
tyrol-w2_r3c3,0,0,2555,7,0,0,0,0,0,0.0
tyrol-w2_r3c4,0,0,520,1,0,0,0,0,0,0.0
tyrol-w2_r4c0,62392,7056,37797,41,24,1,0,3,26,0.16762346105962098
tyrol-w2_r4c1,62753,6299,64175,35,20,2,0,5,23,0.13496273417041563
tyrol-w2_r4c2,4075,17679,7362,5,2,0,0,0,2,0.05720758991787029
tyrol-w2_r4c3,2913,327,4106,6,1,0,0,0,1,0.07016769638128861
tyrol-w2_r4c4,0,0,0,0,0,0,0,0,0,nan
tyrol-w3_r0c0,264,0,837,1,1,0,0,0,1,0.03254437869822485
tyrol-w3_r0c1,0,0,0,0,0,0,0,0,0,nan
tyrol-w3_r0c2,13729,1223,24599,12,6,0,0,1,7,0.10850260283760335
tyrol-w3_r0c3,92217,12204,122290,77,38,3,2,7,44,0.13171936928435393
tyrol-w3_r0c4,200458,69170,193990,85,48,21,3,16,46,0.1006411578151541
tyrol-w3_r1c0,0,0,0,0,0,0,0,0,0,nan
tyrol-w3_r1c1,228,0,769,2,1,0,0,0,1,0.01312910284463895
tyrol-w3_r1c2,56712,7127,44725,55,28,2,0,5,31,0.1328305920076005
tyrol-w3_r1c3,116373,22156,65014,85,56,2,2,11,67,0.15520032375556456
tyrol-w3_r1c4,91845,28831,120094,45,25,1,2,3,29,0.09029368881483024
tyrol-w3_r2c0,45310,4342,25203,29,18,0,0,3,21,0.15352170166447457
tyrol-w3_r2c1,98649,13290,72311,95,60,2,1,6,65,0.1264013501179631
tyrol-w3_r2c2,86692,17077,60276,60,38,0,0,3,41,0.10591434731477851
tyrol-w3_r2c3,58433,8312,140419,56,25,0,1,6,32,0.08626663799077593
tyrol-w3_r2c4,102627,12013,105647,90,55,1,3,9,66,0.109537954860999
tyrol-w3_r3c0,49921,6196,32797,44,26,1,2,2,29,0.15886035821841812
tyrol-w3_r3c1,141847,16513,63142,104,73,4,2,0,71,0.2148030543585091
tyrol-w3_r3c2,77214,14587,51403,69,39,3,1,3,40,0.14578704494958128
tyrol-w3_r3c3,5478,546,15830,12,6,0,0,0,6,0.06668867613073622
tyrol-w3_r3c4,28821,2650,23512,36,19,1,0,4,22,0.14337322194626326
tyrol-w3_r4c0,34742,3538,32841,33,20,0,0,5,25,0.14069627851140457
tyrol-w3_r4c1,105166,13121,48615,77,45,6,1,2,42,0.22670019632497299
tyrol-w3_r4c2,31178,6132,44050,42,16,3,0,2,15,0.09317491513310702
tyrol-w3_r4c3,1439,740,1927,4,1,0,0,0,1,0.09693053311793215
tyrol-w3_r4c4,1277,27,811,2,1,0,0,0,1,0.23374827109266944
tyrol-w4_r0c0,100467,18757,58471,56,32,3,1,10,40,0.1588270817956116
tyrol-w4_r0c1,56792,5046,73166,44,22,1,2,7,30,0.1360763034235847
tyrol-w4_r0c2,9574,377,2660,5,1,0,0,0,1,0.24342955622576476
tyrol-w4_r0c3,0,0,0,0,0,0,0,0,0,nan
tyrol-w4_r0c4,0,0,0,0,0,0,0,0,0,nan
tyrol-w4_r1c0,83360,11946,66722,54,29,4,1,7,33,0.13968902621349547
tyrol-w4_r1c1,68525,6353,86825,46,20,0,1,3,24,0.13660866780529463
tyrol-w4_r1c2,23993,8723,47019,11,4,1,0,1,4,0.06967447173043975
tyrol-w4_r1c3,0,0,0,0,0,0,0,0,0,nan
tyrol-w4_r1c4,0,0,0,0,0,0,0,0,0,nan
tyrol-w4_r2c0,104591,74396,86326,38,22,3,2,3,24,0.07640648011782032
tyrol-w4_r2c1,59062,20030,61824,43,27,3,1,4,29,0.09521623659792125
tyrol-w4_r2c2,8679,2432,4094,10,4,0,0,0,4,0.126
tyrol-w4_r2c3,0,0,2709,7,0,0,0,0,0,0.0
tyrol-w4_r2c4,0,0,1867,4,0,0,0,0,0,0.0
tyrol-w4_r3c0,47842,2456,124202,47,17,0,1,3,21,0.07838970883822431
tyrol-w4_r3c1,215289,26785,54106,13,12,5,0,0,7,0.07911201567917986
tyrol-w4_r3c2,123668,2811,4780,4,4,1,0,0,3,0.1548956661316212
tyrol-w4_r3c3,0,0,278,1,0,0,0,0,0,0.0
tyrol-w4_r3c4,0,0,4760,14,0,0,0,0,0,0.0
tyrol-w4_r4c0,85189,11927,64007,42,21,1,0,3,23,0.14962717916404117
tyrol-w4_r4c1,100067,11387,105068,32,16,2,0,3,17,0.10012037315678604
tyrol-w4_r4c2,42,0,3770,2,0,0,0,1,1,0.0
tyrol-w4_r4c3,0,0,350,1,0,0,0,0,0,0.0
tyrol-w4_r4c4,4152,383,14757,20,2,0,0,0,2,0.07110665998998497
tyrol-w5_r0c0,22406,2455,30456,31,12,0,1,0,13,0.12120293457830594
tyrol-w5_r0c1,1861,1297,3923,7,2,0,0,0,2,0.06500198176773682
tyrol-w5_r0c2,1834,11,5677,11,1,0,0,0,1,0.06041335453100159
tyrol-w5_r0c3,3897,209,4621,5,2,0,0,0,2,0.11090775988286969
tyrol-w5_r0c4,805,15,6349,8,2,0,0,0,2,0.08706467661691543
tyrol-w5_r1c0,37,0,1008,2,0,0,0,1,1,0.0
tyrol-w5_r1c1,0,0,15322,12,0,0,0,0,0,0.0
tyrol-w5_r1c2,0,0,1928,3,0,0,0,0,0,0.0
tyrol-w5_r1c3,0,0,0,0,0,0,0,0,0,nan
tyrol-w5_r1c4,13331,2020,4450,14,10,0,0,0,10,0.16455078125
tyrol-w5_r2c0,0,1490,12532,9,0,0,0,2,2,0.0
tyrol-w5_r2c1,97089,13847,79252,20,7,0,0,6,13,0.07196642873950898
tyrol-w5_r2c2,143702,103482,65130,19,12,5,1,6,14,0.047924364268637255
tyrol-w5_r2c3,273364,116478,20109,22,16,9,0,1,8,0.11266821991167368
tyrol-w5_r2c4,180499,20808,109649,50,34,4,2,10,42,0.08571307784988057
tyrol-w5_r3c0,57991,3156,23854,9,5,0,0,0,5,0.10853540252182348
tyrol-w5_r3c1,172513,36806,5328,8,6,4,0,0,2,0.12318171323020087
tyrol-w5_r3c2,173215,37300,9433,15,14,11,1,2,6,0.08225937536282364
tyrol-w5_r3c3,73877,5250,45106,9,3,0,0,1,4,0.055322715842414084
tyrol-w5_r3c4,75181,22631,17784,9,4,0,0,1,5,0.07200265142099593
tyrol-w5_r4c0,7459,1378,3258,6,4,0,1,2,7,0.15642002176278563
tyrol-w5_r4c1,0,0,0,0,0,0,0,0,0,nan
tyrol-w5_r4c2,0,0,0,0,0,0,0,0,0,nan
tyrol-w5_r4c3,0,0,0,0,0,0,0,0,0,nan
tyrol-w5_r4c4,0,0,0,0,0,0,0,0,0,nan
vienna1_r0c0,104202,21650,49069,166,84,3,2,4,87,0.20267554009087377
vienna1_r0c1,90521,13657,69871,196,85,0,2,13,100,0.17207874361093775
vienna1_r0c2,92141,20100,83191,182,74,1,0,17,90,0.13468531926743768
vienna1_r0c3,169170,36916,55349,80,46,0,1,8,55,0.13424694662307524
vienna1_r0c4,172721,25315,72300,46,21,0,0,9,30,0.12152006515622686
vienna1_r1c0,123944,20990,63948,289,154,3,3,8,162,0.20432326863965733
vienna1_r1c1,114828,26716,74060,336,190,5,2,15,202,0.1871667161438577
vienna1_r1c2,132867,22139,62850,144,82,0,1,17,100,0.1426632074333293
vienna1_r1c3,228336,46525,65285,81,53,2,0,8,59,0.09938943872814988
vienna1_r1c4,194241,42242,137451,55,25,0,5,14,44,0.08096223856092512
vienna1_r2c0,68119,10071,54154,188,91,2,0,4,93,0.19484373550959844
vienna1_r2c1,110800,16675,74408,252,136,3,1,7,141,0.1962493526989372
vienna1_r2c2,100610,21124,61422,288,153,2,4,7,162,0.19254182624470872
vienna1_r2c3,49060,24997,53492,75,29,1,1,10,39,0.09708827893175075
vienna1_r2c4,176811,36329,81569,64,51,1,1,8,59,0.1322128684001974
vienna1_r3c0,138723,20303,51089,93,50,2,2,16,66,0.17370648058792962
vienna1_r3c1,177469,30600,58438,120,71,2,2,8,79,0.17631284916201118
vienna1_r3c2,24979,4734,14017,79,41,0,0,4,45,0.2026333180824564
vienna1_r3c3,48577,7952,33733,214,93,4,0,2,90,0.21092361319513378
vienna1_r3c4,98471,18980,42071,242,114,2,0,12,124,0.22793161886898003
vienna1_r4c0,135441,25895,66338,121,77,3,3,13,90,0.14088976796362992
vienna1_r4c1,171995,38058,148070,71,42,4,0,18,56,0.09332590182633606
vienna1_r4c2,149315,63012,115085,21,13,5,0,4,12,0.04534059305104
vienna1_r4c3,53312,16668,46900,19,12,6,0,2,8,0.04548384126691833
vienna1_r4c4,79253,15123,28782,33,9,1,0,1,9,0.06720647773279352
vienna2_r0c0,241325,62671,92705,72,31,6,2,18,45,0.1253848341349423
vienna2_r0c1,97054,10789,100032,57,19,0,1,4,24,0.11527246218334244
vienna2_r0c2,122221,20141,23429,28,12,2,0,2,12,0.09833572328683787
vienna2_r0c3,140762,28307,32514,54,31,1,1,4,35,0.0964054783361336
vienna2_r0c4,144478,16541,46779,70,50,0,2,8,60,0.17113943639029158
vienna2_r1c0,283438,87665,115661,47,28,7,4,17,42,0.07472555418980206
vienna2_r1c1,223768,55025,61457,47,27,2,1,9,35,0.10456052325060479
vienna2_r1c2,55057,9731,25395,35,12,0,1,1,14,0.11788345612860013
vienna2_r1c3,97304,16586,34003,57,37,1,0,3,39,0.09945538332635107
vienna2_r1c4,174433,26177,53953,99,62,0,1,4,67,0.12028558369714258
vienna2_r2c0,283029,63783,94287,88,43,4,6,7,52,0.11497504341462882
vienna2_r2c1,217166,45196,179804,54,34,6,4,26,58,0.09629234765053477
vienna2_r2c2,145426,21474,63699,52,23,1,2,11,35,0.0963864458904495
vienna2_r2c3,82091,10981,94578,62,26,1,2,2,29,0.08887602731797661
vienna2_r2c4,138945,19001,69497,87,51,2,2,0,51,0.12839209582459227
vienna2_r3c0,185143,22007,78928,100,56,2,3,10,66,0.15456404122449546
vienna2_r3c1,165724,26454,91908,61,34,3,1,10,42,0.11098500969404644
vienna2_r3c2,355555,150314,85105,28,16,6,1,17,28,0.07127384602505206
vienna2_r3c3,372625,171787,59605,27,17,9,1,14,23,0.04121506146976129
vienna2_r3c4,355677,132009,81514,50,36,11,1,19,45,0.07363548698167792
vienna2_r4c0,57809,9740,85987,45,11,0,0,4,15,0.05402658032453597
vienna2_r4c1,147521,27318,161680,42,18,5,1,7,21,0.05807972166626139
vienna2_r4c2,267130,53009,198974,45,28,7,4,27,52,0.06893639808864722
vienna2_r4c3,380789,148642,85812,28,21,10,5,16,32,0.05398856590985522
vienna2_r4c4,354528,166611,70390,32,21,9,1,12,25,0.0564685458235094
vienna3_r0c0,214393,34812,43344,78,60,4,2,9,67,0.14293569621844118
vienna3_r0c1,234528,57446,101353,40,24,4,5,13,37,0.09569371126922194
vienna3_r0c2,269704,76354,73859,56,35,4,3,8,42,0.09784318130757133
vienna3_r0c3,163228,161729,89194,28,14,4,2,6,18,0.07448458907310143
vienna3_r0c4,87420,43979,135897,19,12,4,0,7,15,0.07190055912388522
vienna3_r1c0,152658,22234,54368,99,65,2,1,3,67,0.11449457707560241
vienna3_r1c1,145947,54128,103866,44,22,2,0,15,35,0.06533090937221986
vienna3_r1c2,294908,154042,89041,27,23,14,1,10,20,0.04399028305872412
vienna3_r1c3,245561,108619,190240,24,14,6,0,9,17,0.028642947223602246
vienna3_r1c4,155725,13658,120663,29,8,1,1,5,13,0.0466263169692894
vienna3_r2c0,186998,34848,99352,74,50,2,2,13,63,0.1068297520661157
vienna3_r2c1,224348,78773,35268,31,20,7,1,1,15,0.06666666666666667
vienna3_r2c2,262424,91510,102892,26,17,5,0,2,14,0.03825512385451393
vienna3_r2c3,312963,68161,402664,14,11,3,0,17,25,0.032141613097311506
vienna3_r2c4,193791,2028,282390,14,2,0,0,10,12,0.021576362611705983
vienna3_r3c0,374707,153275,82680,30,23,10,1,7,21,0.07971470094103339
vienna3_r3c1,335279,121587,46777,35,26,10,0,4,20,0.0573024673071226
vienna3_r3c2,470636,268577,34070,28,25,19,0,8,14,0.042560321715817695
vienna3_r3c3,456759,173902,76344,27,21,12,1,13,23,0.05701489588250146
vienna3_r3c4,309736,111979,194372,22,18,8,2,7,19,0.04538018782187216
vienna3_r4c0,442833,281615,58985,38,32,26,1,5,12,0.039625542310770395
vienna3_r4c1,338016,166901,101733,36,28,16,0,7,19,0.038951497579470765
vienna3_r4c2,455644,216294,67215,24,21,11,0,11,21,0.03178202184045038
vienna3_r4c3,292602,114722,144684,27,19,10,0,13,22,0.04879155660542025
vienna3_r4c4,270343,122902,199437,17,12,4,0,2,10,0.03519773590526551
vienna4_r0c0,219905,68086,66827,23,10,3,1,7,15,0.06538892721628148
vienna4_r0c1,164981,79644,123130,28,16,6,0,8,18,0.06253781004234725
vienna4_r0c2,99848,30619,110694,73,9,1,0,4,12,0.05253985486543626
vienna4_r0c3,166222,73140,96668,58,15,5,0,5,15,0.07503075030750307
vienna4_r0c4,194473,78558,177716,24,14,3,1,11,23,0.052745390257444257
vienna4_r1c0,273371,131628,88191,34,20,6,2,12,28,0.04661674526525139
vienna4_r1c1,206835,101254,56431,32,23,10,1,2,16,0.07009498225079151
vienna4_r1c2,383776,156082,84773,22,14,5,3,7,19,0.047697310496225775
vienna4_r1c3,199525,35127,99540,25,12,2,0,6,16,0.10046142289945273
vienna4_r1c4,167092,51271,69596,15,10,1,0,9,18,0.05789588324983664
vienna4_r2c0,310757,126927,88103,24,18,2,0,9,25,0.061121532349205976
vienna4_r2c1,374641,163208,61384,29,22,12,0,5,15,0.043046517816105856
vienna4_r2c2,403218,173886,96806,30,25,13,0,12,24,0.04520272097939229
vienna4_r2c3,245515,86884,105725,18,13,2,2,14,27,0.05989672000907956
vienna4_r2c4,149897,17924,70196,11,8,0,1,5,14,0.09291952001005215
vienna4_r3c0,206051,96317,54503,14,11,5,0,7,13,0.04555355620797424
vienna4_r3c1,417350,192441,79275,24,21,7,0,12,26,0.038414698464754565
vienna4_r3c2,235188,133836,68819,16,13,6,0,8,15,0.05039367335562988
vienna4_r3c3,34612,2538,116900,17,2,0,0,6,8,0.03311773374815785
vienna4_r3c4,194359,20423,156155,17,9,0,0,13,22,0.09557676595112531
vienna4_r4c0,273200,129217,123226,23,14,6,0,18,26,0.039470219600821525
vienna4_r4c1,212293,90685,78425,15,10,2,0,7,15,0.046072893291031494
vienna4_r4c2,9959,1320,38721,7,3,1,1,1,4,0.04354136429608128
vienna4_r4c3,1614,168,1909,2,2,0,0,0,2,0.14872192099147946
vienna4_r4c4,61785,17757,65619,12,6,1,1,8,14,0.047619047619047616
vienna5_r0c0,386313,70472,70965,31,25,7,2,14,34,0.12696921334431632
vienna5_r0c1,160270,42128,168089,12,8,2,1,14,21,0.06877657551768245
vienna5_r0c2,0,0,135,1,0,0,0,0,0,0.0
vienna5_r0c3,0,7125,0,0,0,0,0,3,3,nan
vienna5_r0c4,0,0,0,0,0,0,0,0,0,nan
vienna5_r1c0,251080,43181,139047,21,14,1,1,5,19,0.062011764050989925
vienna5_r1c1,396365,146471,49133,25,22,10,3,9,24,0.09285763604620195
vienna5_r1c2,177045,39719,95771,20,11,3,0,8,16,0.09752116416754274
vienna5_r1c3,0,4536,15817,4,0,0,0,1,1,0.0
vienna5_r1c4,0,1216,501,2,0,0,0,3,3,0.0
vienna5_r2c0,238668,32778,72306,14,8,0,0,9,17,0.11236853584064363
vienna5_r2c1,183898,45577,76824,37,15,4,1,3,15,0.13217243492182712
vienna5_r2c2,123837,23367,30595,25,16,7,1,6,16,0.16236830553116768
vienna5_r2c3,59567,13259,202519,23,8,4,1,8,13,0.03846510048467262
vienna5_r2c4,0,0,4054,1,0,0,0,0,0,0.0
vienna5_r3c0,312576,13935,89994,12,8,0,0,4,12,0.17544974082731984
vienna5_r3c1,76834,27183,25723,15,7,1,0,5,11,0.07971461287765348
vienna5_r3c2,36562,8392,67808,16,6,0,0,4,10,0.04128977333191444
vienna5_r3c3,195709,74616,180813,43,15,7,1,10,19,0.055850330201690765
vienna5_r3c4,113702,21473,95858,28,15,2,3,5,21,0.1208050593177307
vienna5_r4c0,150821,37313,157033,39,23,1,1,7,30,0.07233553289342132
vienna5_r4c1,76862,21602,101322,13,8,0,0,6,14,0.05950918407095556
vienna5_r4c2,18349,2740,67604,13,4,1,0,2,5,0.03095507738769347
vienna5_r4c3,75224,24145,120912,56,10,0,0,13,23,0.06047263404302753
vienna5_r4c4,164109,47006,152603,34,14,5,0,10,19,0.08898389672611126
